angDist,_RAJ2000,_DEJ2000,recno,RAJ2000,DEJ2000,Name,r_Name,SpT,n_SpT,r_SpT,ID,all,2M,SimbadName,ra_epoch2000,dec_epoch2000,errHalfMaj,errHalfMin,errPosAng,source_id,ra,ra_error,dec,dec_error,parallax,parallax_error,parallax_over_error,pm,pmra,pmra_error,pmdec,pmdec_error,astrometric_n_good_obs_al,astrometric_gof_al,astrometric_chi2_al,astrometric_excess_noise,astrometric_excess_noise_sig,astrometric_params_solved,pseudocolour,pseudocolour_error,visibility_periods_used,ruwe,duplicated_source,phot_g_mean_flux,phot_g_mean_flux_error,phot_g_mean_mag,phot_bp_mean_flux,phot_bp_mean_flux_error,phot_bp_mean_mag,phot_rp_mean_flux,phot_rp_mean_mag,phot_bp_rp_excess_factor,bp_rp,dr2_radial_velocity,dr2_radial_velocity_error,dr2_rv_nb_transits,dr2_rv_template_teff,dr2_rv_template_logg,panstarrs1,sdssdr13,skymapper2,urat1,phot_g_mean_mag_error,phot_bp_mean_mag_error,phot_rp_mean_mag_error,phot_g_mean_mag_corrected,phot_g_mean_mag_error_corrected,phot_g_mean_flux_corrected,phot_bp_rp_excess_factor_corrected,ra_epoch2000_error,dec_epoch2000_error,ra_dec_epoch2000_corr,Plx (mas),Plx_unc (mas),log (L/Lsun),e_unc (mas),b_Age (Gyr),B_Age (Gyr),Radius (Rjup),Rad_unc (Rjup),log(g) (cm/s^2),log(g)_unc (cm^s^2),Teff (K),Teff_unc (K),Mass (Mjup),Mass_unc (Mjup)
0.342358,0.9261667,-28.3780556,2,00 03 42.28,-28 22 41.0,2MASS J00034227-2822410,9,M7.5,,9,0003-2822,all,2M,2MASS J00034227-2822410,0.926262265,-28.37810003,0.0028495,0.002045,90.97,2.33312E+18,0.927703853,0.1355,-28.37874052,0.1102,24.7507,0.1628,152.0533,319.701,285.379,0.178,-144.108,0.13,258,3.1155,907.52,1.082,2.63E+01,95,1.0429,0.0341,17,1.141,0,2.21E+03,3.98E+00,17.325333,1.36E+02,1.36E+01,20.006886,3.86E+03,15.78026,1.808,4.226625,,,0,,,7.394E+16,,,,0.003376,0.109075,0.006284,17.299742,0.00335,2.26E+03,0.157,2.8493,2.0452,-0.0114,25.7,0.93,-2.95,0.03,0.5,10,1.32,0.05,5.18,0.05,2871,76,106.97,9.15
1.470493,1.012,-64.1766111,3,00 04 02.88,-64 10 35.8,2MASS J00040288-6410358,3,L1gamma,,4,0004-6410,all,2M,2MASS J00040288-6410358,1.012756634,-64.17685239,0.001341,0.0010149,166.47,4.90113E+18,1.012756634,1.0354,-64.17685239,1.3252,,,,,,,,,118,1.6447,138.81,2.659,1.04E+00,3,,,11,,0,7.71E+01,8.71E-01,20.969831,2.37E+01,1.06E+01,21.9019,1.38E+02,19.400436,2.094,2.501463,,,0,,,,,499042754,,0.012575,0.487439,0.087358,20.969831,0.012575,7.71E+01,0.687,1.0354,1.3252,-0.1273,17,1,-3.49,0.06,0.01,0.04,1.63,0.06,4.25,0.18,1896,77,19.18,6.41
0.732004,1.1451667,-40.7349444,4,00 04 34.84,-40 44 05.8,LHS 102BC,5,L5,,6,0004-4044BC,all,2M,[GDF99] LHS 102B,1.145279884,-40.73512876,0.0038302,0.0030819,72.81,4.99614E+18,1.149203207,0.1513,-40.74178766,0.1844,82.3466,0.2554,322.3922,1640.769,668.888,0.232,-1498.236,0.199,396,7.8709,1218.03,1.622,2.05E+01,95,0.9492,0.0483,20,1.294,0,8.24E+02,3.37E+00,18.397774,3.79E+01,4.99E+00,21.390856,1.65E+03,16.70431,2.049,4.686546,,,0,,,,,8953015,,0.005231,0.142891,0.00736,18.372183,0.005143,8.43E+02,0.332,3.7708,3.1543,0.1228,77.02,2.07,-3.78,0.02,0.5,10,,,,,,,,
0.147908,6.102625,-1.97225,5,00 24 24.63,-01 58 20.1,2MASS J00242463-0158201,7,M9.5,,8,0024-0158,all,2M,2MASS J00242463-0158201,6.102632253,-1.972209559,0.0036781,0.0026419,63.7,2.54176E+18,6.102300391,0.161,-1.971586395,0.1116,80.3441,0.1876,428.3551,158.834,-74.625,0.22,140.212,0.18,392,25.5813,3238.53,1.246,9.22E+01,95,1.1908,0.0314,16,2.049,0,4.29E+03,4.13E+00,16.605984,1.34E+02,6.19E+00,20.021229,7.70E+03,15.032356,1.825,4.988873,,,0,,,1.0563E+17,1.23768E+18,13336985,,0.002947,0.050261,0.004482,16.580393,0.002939,4.39E+03,0.066,3.4989,2.875,0.2586,86.6,4,-3.44,0.04,0.5,10,1.09,0.05,5.22,0.1,2390,80,79.27,11.13
0.175516,6.924875,5.0615833,7,00 27 41.97,+05 03 41.7,2MASS J00274197+0503417,11,M9.5beta,,8,0027+0503,all,2M,2MASS J00274197+0503417,6.924923893,5.061581046,0.0025295,0.0011924,76.16,2.55511E+18,6.924923893,2.4726,5.061581046,1.3063,,,,,,,,,110,9.6684,315.28,6.87,1.37E+01,3,,,10,,0,7.69E+01,1.19E+00,20.972336,3.56E+01,1.38E+01,21.458954,1.22E+02,19.52792,2.055,1.931034,,,0,,,1.1407E+17,1.23768E+18,,,0.017048,0.421275,0.107178,20.972336,0.017048,7.69E+01,0.73,2.4726,1.3063,0.3578,13.8,1.6,-3.55,0.1,0.01,0.15,1.44,0.23,4.48,0.43,1945,195,31.35,19.44
1.200535,6.983,22.3257778,8,00 27 55.92,+22 19 32.8,2MASS J00275592+2219328,12,M8,,13,0027+2219,all,2M,2MASS J00275592+2219328,6.983357099,22.32573207,0.0079312,0.0061289,64.49,2.79999E+18,6.985243946,0.3369,22.32490279,0.268,70.781,0.4267,165.8734,434.789,392.717,0.471,-186.588,0.399,353,97.4209,73918.64,3.272,2.43E+03,31,,,19,6.439,0,1.95E+04,6.08E+01,14.962327,6.46E+02,7.72E+00,18.313305,3.51E+04,13.384194,1.834,4.929111,,,0,,,1.3479E+17,1.23768E+18,,562003011,0.004366,0.01327,0.003944,14.962327,0.004366,1.95E+04,0.084,7.6292,6.501,0.1986,69.6,0.9,-2.83,0.01,0.5,10,,,,,,,,
0.174573,8.3494167,-15.3585833,10,00 33 23.86,-15 21 30.9,2MASS J00332386-1521309,15,L1-L4beta,,"4,16",0033-1521,all,2M,2MASS J00332386-1521309,8.349466987,-15.35858298,0.0150169,0.0124853,45.3,2.37384E+18,8.350859516,0.7063,-15.35847119,0.5714,43.5089,0.8095,53.7465,303.175,302.129,0.875,25.154,0.869,182,3.0028,269.81,2.769,3.03E+00,95,1.0456,0.1928,13,1.162,0,1.43E+02,8.91E-01,20.302036,2.90E+01,5.54E+00,21.682774,2.41E+02,18.790785,1.897,2.891989,,,0,,,8.95701E+16,,12129743,,0.007321,0.207399,0.051455,20.277982,0.007183,1.46E+02,0.432,13.8225,13.796,0.1825,24.8,2.5,-3.61,0.09,0.01,0.15,1.43,0.22,4.47,0.42,1887,175,29.05,18.53
0.83506,9.067375,18.3528889,12,00 36 16.17,+18 21 10.4,2MASSW J0036159+182110,18,L3.5,,14,0036+1821,all,2M,2MASSW J0036159+182110,9.067132871,18.35285741,0.0027805,0.0017674,65.72,2.79474E+18,9.071354641,0.1082,18.35341014,0.0769,114.4735,0.1381,828.645,910.118,901.582,0.164,124.354,0.122,426,-0.8693,1055.33,0.819,1.56E+01,95,1.0211,0.0248,20,0.969,0,1.85E+03,2.88E+00,17.521132,9.08E+01,1.19E+01,20.44291,3.43E+03,15.909052,1.907,4.533857,,,0,,,1.3002E+17,1.23768E+18,,542003174,0.003235,0.142514,0.005358,17.495541,0.003214,1.89E+03,0.212,2.6367,1.9755,0.3315,114.2,0.8,-3.93,0.01,0.5,10,1.01,0.07,5.21,0.17,1869,64,66.07,12.98
0.251802,11.3392917,16.5790556,14,00 45 21.43,+16 34 44.6,2MASSW J0045214+163445,21,L2beta,,4,0045+1634,all,2M,2MASSW J0045214+163445,11.33923025,16.57909334,0.0032725,0.0020472,71.04,2.78151E+18,11.34089534,0.1387,16.57888041,0.0786,65.4057,0.1754,372.8546,362.251,359.069,0.197,-47.91,0.138,565,-2.5074,978.38,0.89,9.97E+00,95,0.9915,0.029,19,0.925,0,1.02E+03,1.36E+00,18.167887,5.45E+01,7.99E+00,20.996897,1.87E+03,16.567297,1.892,4.4296,,,0,,,1.2789E+17,1.23768E+18,,,0.003115,0.159053,0.005502,18.142296,0.0031,1.04E+03,0.212,3.1656,2.2089,0.2864,57.3,2,-3.41,0.03,0.03,0.05,1.62,0.06,4.35,0.22,1987,53,22.71,7.95
4.802812,11.7515833,68.0650833,15,00 47 00.38,+68 03 54.3,WISEP J004701.06+680352.1,22,L7.5p,,22,0047+6803,all,2M,WISEP J004701.06+680352.1,11.74844782,68.06572207,0.0015474,0.0010277,147.91,5.29738E+17,11.74844782,1.1975,68.06572207,1.4201,,,,,,,,,125,12.409,431.6,3.432,6.14E+00,3,,,15,,0,7.96E+01,8.71E-01,20.935312,6.29E+01,8.84E+00,20.841179,8.41E+01,19.936214,1.847,0.904964,,,0,,,1.8967E+17,,,,0.012192,0.152525,0.083871,20.935312,0.012192,7.96E+01,0.639,1.1975,1.4201,-0.3542,82,3,-4.44,0.03,0.05,0.12,1.3,0.04,4.24,0.13,1227,30,12.13,2.97
0.30806,14.6772083,-6.8566389,17,00 58 42.53,-06 51 23.9,2MASS J00584253-0651239,14,L0beta,,"14,25",0058-0651,all,2M,2MASS J00584253-0651239,14.67728581,-6.856676331,0.0068267,0.0037157,45.79,2.47626E+18,14.67795552,0.2216,-6.857243536,0.1627,34.5369,0.2817,122.5897,196.647,149.609,0.346,-127.621,0.341,569,5.0873,861.22,1.322,6.68E+00,95,1.2026,0.0362,18,1.155,0,4.46E+02,9.71E-01,19.063988,4.85E+01,5.96E+00,21.12449,7.96E+02,17.496037,1.893,3.628454,,,0,,,9.97701E+16,1.23768E+18,13809481,,0.003631,0.133405,0.009931,19.038397,0.003595,4.57E+02,0.321,5.5366,5.4548,0.5428,33.8,4,-3.63,0.1,0.01,0.15,1.43,0.22,4.46,0.43,1864,182,29.23,18.09
0.610014,15.7125,-37.6288333,18,01 02 51.00,-37 37 43.8,LHS 132,26,M8,,27,0102-3737,all,2M,LHS 132,15.7127136,-37.62882362,0.0007354,0.0006317,101.74,4.9894E+18,15.72096234,0.0426,-37.62770936,0.0286,88.2915,0.0558,1582.0309,1491.131,1469.893,0.044,250.773,0.04,504,-2.0313,1777.29,0.399,3.42E+01,31,,,23,0.936,0,1.38E+04,9.17E+00,15.338341,4.27E+02,5.90E+00,18.762997,2.34E+04,13.824637,1.728,4.938359,,,0,,,,,9275697,,0.002848,0.015261,0.004132,15.338341,0.002848,1.38E+04,-0.024,0.7314,0.6363,-0.0607,81.95,2.73,-3.2,0.03,0.5,10,1.17,0.04,5.22,0.07,2636,67,90.28,9.22
0.170752,19.4478333,-34.0571667,22,01 17 47.48,-34 03 25.8,2MASSI J0117474-340325,32,L2:,,32,0117-3403,all,2M,2MASSI J0117474-340325,19.44788814,-34.05718031,0.0114763,0.0089849,168.27,5.01454E+18,19.44846896,0.4766,-34.05743836,0.4356,25.397,0.7033,36.1105,122.855,108.269,0.58,-58.062,0.714,371,4.4184,559.61,2.85,5.11E+00,95,1.1559,0.1251,22,1.167,0,1.27E+02,1.11E+00,20.430973,1.94E+01,3.53E+00,22.119755,2.67E+02,18.682657,2.259,3.437098,,,0,,,6.71302E+16,,9989602,,0.009886,0.197728,0.035099,20.405382,0.009674,1.30E+02,0.715,9.1014,11.3841,-0.098,20,3,-3.48,0.13,0.01,0.04,1.62,0.11,4.26,0.2,1917,159,19.85,7.54
0.060682,25.492625,-46.5659444,23,01 41 58.23,-46 33 57.4,2MASS J01415823-4633574,33,L0gamma,,4,0141-4633,all,2M,2MASS J01415823-4633574,25.49263747,-46.56592989,0.0076217,0.005587,171.29,4.95432E+18,25.49339207,0.2884,-46.56613709,0.3427,27.2881,0.4386,62.2208,125.696,116.73,0.351,-46.621,0.48,427,2.884,562.77,1.738,2.83E+00,95,1.2026,0.0921,28,1.1,0,1.93E+02,7.00E-01,19.974379,3.48E+01,5.88E+00,21.483091,3.39E+02,18.423288,1.937,3.059803,,,0,,,,,504107683,,0.004807,0.183202,0.02204,19.948788,0.004732,1.97E+02,0.447,5.6419,7.5812,-0.094,25,3,-3.48,0.1,0.01,0.04,1.61,0.1,4.25,0.19,1917,130,19.57,7.04
0.057386,32.6607083,-30.2586944,26,02 10 38.57,-30 15 31.3,2MASS J02103857-3015313,34,L0gamma,,35,0210-3015,all,2M,2MASS J02103857-3015313,32.66071167,-30.25871007,0.0096791,0.0072377,126.88,5.02004E+18,32.66123461,0.2777,-30.25890602,0.3503,24.6481,0.4825,51.0865,110.783,101.632,0.555,-44.088,0.508,375,0.9344,452.78,1.063,1.01E+00,95,0.9406,0.0937,20,1.034,0,1.79E+02,8.21E-01,20.05291,4.30E+01,1.53E+01,21.254763,3.26E+02,18.463428,2.059,2.791334,,,0,,,7.16803E+16,,10969250,,0.005682,0.386052,0.025305,20.030393,0.005593,1.83E+02,0.61,8.8774,8.2012,-0.2723,32,8,-3.84,0.22,0.01,0.04,1.53,0.09,4.16,0.22,1598,205,14.59,7.03
0.259151,38.503875,-64.7018889,27,02 34 00.93,-64 42 06.8,2MASS J02340093-6442068,3,L0gamma,,4,0234-6442,all,2M,2MASS J02340093-6442068,38.50389902,-64.70196015,0.0119494,0.0103061,6.34,4.69709E+18,38.50481236,0.5914,-64.70198205,0.5244,20.8101,0.6221,33.454,87.954,87.816,0.653,-4.926,0.754,295,3.2003,419.12,2.76,4.25E+00,95,1.0104,0.1421,23,1.135,0,1.52E+02,9.02E-01,20.22937,3.45E+01,1.22E+01,21.494482,2.85E+02,18.611544,2.094,2.882938,,,0,,,,,,,0.006986,0.3844,0.02665,20.205451,0.006858,1.56E+02,0.63,10.3277,11.9307,0.0326,21,5,-3.54,0.21,0.01,0.04,1.62,0.11,4.25,0.22,1850,231,19.56,8.49
1.618013,40.2979583,-3.4496389,28,02 41 11.51,-03 26 58.7,2MASS J02411151-0326587,9,L0gamma,,4,0241-0326,all,2M,2MASS J02411151-0326587,40.29836905,-3.449823023,0.0023388,0.0020707,63,2.4952E+18,40.29836905,2.2861,-3.449823023,2.1287,,,,,,,,,54,0.9879,58.69,4.164,1.75E+00,3,,,7,,0,8.37E+01,1.58E+00,20.881075,7.72E+00,4.71E+00,23.11902,1.65E+02,19.20721,2.059,3.91181,,,0,,,,1.23768E+18,,,0.020631,0.661695,0.134507,20.881075,0.020631,8.37E+01,0.45,2.2861,2.1287,0.0982,21.4,2.6,-3.72,0.11,0.01,0.15,1.41,0.21,4.44,0.43,1788,171,27.35,17.05
0.52372,42.1708333,-16.856,30,02 48 41.00,-16 51 21.6,LP 771-21,37,M8,,38,0248-1651,all,2M,LP 771-21,42.17082809,-16.85614539,0.0025132,0.0020515,179.83,5.15662E+18,42.17067428,0.0808,-16.85742916,0.1104,44.6207,0.1262,353.4612,290.741,-33.12,0.128,-288.848,0.154,216,-6.343,491.83,0.642,1.35E+01,95,1.0011,0.0281,14,0.706,0,3.36E+03,5.72E+00,16.873064,1.24E+02,1.06E+01,20.101921,5.91E+03,15.318312,1.799,4.783609,,,0,,,8.77704E+16,1.23767E+18,14695587,,0.003319,0.09301,0.004852,16.847473,0.003296,3.44E+03,0.07,2.0515,2.5132,-0.0012,61.6,5.4,-3.46,0.08,0.5,10,1.08,0.06,5.22,0.11,2365,125,78.26,12.51
0.935361,43.2535,16.8814444,32,02 53 00.84,+16 52 53.2,2MASS J02530084+1652532,41,M7,,42,0253+1652,all,2M,2MASS J02530084+1652532,43.25371581,16.88128672,0.0015712,0.0011271,51.08,3.5227E+16,43.26964248,0.0746,16.86437382,0.077,260.9884,0.0934,2793.5095,5122.573,3429.083,0.088,-3805.541,0.083,167,5.2685,5500.65,0.561,2.83E+02,31,,,13,1.304,0,2.34E+05,2.72E+02,12.263103,1.02E+04,3.20E+01,15.31863,3.83E+05,10.790128,1.678,4.528503,,,0,,,1.2824E+17,,,535015084,0.00303,0.004411,0.004117,12.263103,0.00303,2.34E+05,-0.016,1.4127,1.3204,0.314,268,37,-3.15,0.12,0.5,10,1.2,0.09,5.22,0.07,2688,212,93.64,14.47
0.287805,43.4991667,32.1103611,33,02 53 59.80,+32 06 37.3,2MASS J02535980+3206373,32,M7beta,,43,0253+3206,all,2M,2MASS J02535980+3206373,43.49923829,32.110309,0.002576,0.0019099,64.77,1.36317E+17,43.49972428,0.1218,32.10986565,0.1093,20.2709,0.1338,151.4976,136.123,92.619,0.153,-99.756,0.131,183,-3.0645,278.85,0.527,4.15E+00,95,1.0665,0.0322,14,0.84,0,1.96E+03,3.75E+00,17.454712,1.18E+02,6.72E+00,20.15843,3.18E+03,15.99172,1.68,4.16671,,,0,,,1.4653E+17,1.23767E+18,,611028076,0.003449,0.061896,0.00549,17.429121,0.00342,2.01E+03,0.037,2.4683,2.0471,0.228,17.7,2.5,-2.79,0.12,0.01,0.15,1.9,0.45,4.49,0.52,2628,362,65.1,47.55
1.335524,43.764875,-47.0141389,35,02 55 03.57,-47 00 50.9,DENIS-P J0255-4700,46,L8,,47,0255-4700,all,2M,DENIS J0255.0-4700,43.76538628,-47.01426581,0.0039349,0.0028397,163.58,4.7524E+18,43.77198593,0.1547,-47.01672836,0.167,205.4251,0.1857,1106.1012,1154.121,1012.445,0.182,-554.031,0.241,385,3.2934,791.86,1.4,1.17E+01,95,0.9507,0.0456,28,1.121,0,6.85E+02,1.69E+00,18.598427,2.72E+01,4.51E+00,21.753365,1.40E+03,16.880054,2.089,4.87331,,,0,,,,,504473820,,0.003844,0.180438,0.011227,18.572836,0.0038,7.01E+02,0.346,2.9422,3.8588,-0.1772,201.37,3.89,-4.61,0.02,0.5,10,0.97,0.12,5.09,0.4,1290,78,49.92,24.8
0.582357,49.725125,-34.3581111,36,03 18 54.03,-34 21 29.2,2MASS J03185403-3421292,47,L7,,47,0318-3421,all,2M,2MASS J03185403-3421292,49.72531704,-34.35807891,0.0360506,0.0251144,31.74,5.0534E+18,49.72741838,1.3924,-34.35793562,1.5507,70.9812,1.8485,38.3997,391.64,390.31,1.811,32.245,2.112,151,4.5239,253.92,7.19,9.60E+00,95,1.507,0.3591,15,1.275,0,7.70E+01,9.79E-01,20.970524,3.50E+01,1.24E+01,21.47957,1.54E+02,19.276514,2.457,2.203056,,,0,,,,,17179073,,0.014073,0.385544,0.152738,20.95814,0.013919,7.79E+01,1.094,28.5626,33.385,0.3138,72.9,7.7,-4.54,0.09,0.5,10,0.97,0.12,5.05,0.36,1344,107,48.98,24.02
1.020245,50.2485417,18.9064722,37,03 20 59.65,+18 54 23.3,2MASS J03205965+1854233,8,M8,,8,0320+1854,all,2M,2MASS J03205965+1854233,50.24879782,18.90632521,0.0015795,0.0011248,60.61,5.62523E+16,50.25045284,0.0709,18.90518268,0.0603,68.2694,0.0778,877.1166,436.112,352.29,0.092,-257.07,0.079,188,-0.2051,496.96,0.456,1.35E+01,31,,,14,0.987,0,6.81E+03,9.94E+00,16.104847,2.81E+02,1.62E+01,19.216772,1.17E+04,14.577244,1.76,4.639528,,,0,,,1.30681E+17,1.23767E+18,,545020191,0.003179,0.0628,0.006649,16.104847,0.003179,6.81E+03,0.051,1.4827,1.2495,0.2838,68.9,0.6,-3.25,0.01,0.5,10,1.15,0.04,5.22,0.07,2586,42,87.6,8.11
0.152833,50.79175,-46.52325,38,03 23 10.02,-46 31 23.7,2MASS J03231002-4631237,48,L0gamma,,4,0323-4631,all,2M,2MASS J03231002-4631237,50.79171037,-46.52321746,0.0168931,0.0102175,137.22,4.84622E+18,50.79226295,0.6814,-46.52325001,0.6016,23.4134,0.6966,33.6106,85.859,85.546,0.875,-7.323,0.892,304,3.7347,456.81,3.39,4.35E+00,95,1.1009,0.1648,23,1.156,0,1.16E+02,1.18E+00,20.529163,2.61E+01,4.33E+00,21.795887,2.04E+02,18.974092,1.989,2.821795,,,0,,,,,504387534,,0.011451,0.179915,0.050637,20.506171,0.011225,1.18E+02,0.534,13.7071,14.2087,-0.4632,17,3,-3.34,0.15,0.01,0.04,1.66,0.15,4.29,0.24,2039,203,23.11,9.97
0.409686,53.55075,-49.8922778,42,03 34 12.18,-49 53 32.2,2MASS J03341218-4953322,50,M9,,51,0334-4953,all,2M,2MASS J03341218-4953322,53.55091031,-49.89223,0.0013221,0.0008791,166.83,4.73666E+18,53.56719574,0.0464,-49.89008391,0.0521,112.61,0.0557,2020.9392,2409.524,2360.592,0.057,483.128,0.081,359,0.1476,1344.83,0.531,3.33E+01,31,,,27,1.005,0,8.71E+03,9.27E+00,15.837138,2.21E+02,1.03E+01,19.476444,1.53E+04,14.289389,1.776,5.187056,,,0,,,,,504322204,,0.002988,0.050476,0.004317,15.837138,0.002988,8.71E+03,-0.01,0.9074,1.3028,-0.1829,120.6,3.6,-3.64,0.03,0.5,10,1.04,0.06,5.22,0.13,2173,71,72.89,11.87
0.533419,54.89675,-35.4288889,43,03 39 35.22,-35 25 44.0,LP 944-20,37,M9beta,,"32,16",0339-3525,all,2M,LP 944-20,54.89688479,-35.42878944,0.001088,0.0007082,154.82,4.86038E+18,54.89857021,0.0375,-35.42759364,0.0436,155.5982,0.0522,2980.7097,409.724,309.001,0.05,269.058,0.064,451,-0.0165,2084.06,0.496,4.31E+01,31,,,28,0.999,0,1.26E+04,1.06E+01,15.439572,3.61E+02,5.87E+00,18.944666,2.21E+04,13.887415,1.787,5.057251,,,0,,,,,17431730,,0.002904,0.017883,0.004253,15.439572,0.002904,1.26E+04,0.019,0.7906,1.0296,-0.3227,155.89,1.03,-3.56,0.01,0.01,0.15,1.43,0.21,4.48,0.41,1942,144,29.53,16.87
0.064121,56.4298333,25.6731389,44,03 45 43.16,+25 40 23.3,2MASP J0345432+254023,38,L0,,52,0345+2540,all,2M,2MASP J0345432+254023,56.42984005,25.67312216,0.0059687,0.0033786,90.64,6.99272E+16,56.42936979,0.2476,25.67293852,0.1632,37.8948,0.2637,143.6804,103.93,-95.363,0.37,-41.319,0.215,226,-1.3102,282.72,0.805,2.38E+00,95,1.0268,0.0564,15,0.937,0,5.75E+02,1.61E+00,18.788708,6.25E+01,1.64E+01,20.849195,1.03E+03,17.219488,1.895,3.629707,,,0,,,1.38801E+17,,,579030628,0.004105,0.285305,0.013648,18.763117,0.004053,5.88E+02,0.323,5.9684,3.379,-0.0133,37.1,0.5,-3.6,0.01,0.5,10,1.05,0.05,5.22,0.12,2213,60,74.14,11.27
0.335155,57.7501667,-0.8792222,45,03 51 00.04,-00 52 45.2,2MASS J03510004-0052452,26,M8,,40,0351-0052,all,2M,2MASS J03510004-0052452,57.75011447,-0.87914513,0.001076,0.0007985,65.24,3.25724E+18,57.7501633,0.0564,-0.881233858,0.0426,68.1218,0.068,1001.2957,470.092,10.986,0.064,-469.964,0.054,298,5.979,1491.93,0.437,3.33E+01,31,,,17,1.256,0,1.41E+04,9.22E+00,15.313112,6.62E+02,7.21E+00,18.285807,2.30E+04,13.841703,1.679,4.444103,,,0,,,1.06941E+17,1.23767E+18,,446007888,0.002845,0.012138,0.004092,15.313112,0.002845,1.41E+04,-0.003,1.0328,0.8537,0.2244,68.1,1.9,-3.02,0.02,0.5,10,1.27,0.04,5.19,0.05,2810,60,101.58,8.57
0.110421,58.847375,11.5621389,46,03 55 23.37,+11 33 43.7,2MASS J03552337+1133437,48,0355-typegamma,a,34,0355+1133,all,2M,2MASS J03552337+1133437,58.84738996,11.56216584,0.0098131,0.0054551,78.02,3.30335E+18,58.84840243,0.4645,11.55936005,0.2903,109.1381,0.4833,225.8033,669.593,223.182,0.594,-631.303,0.366,319,5.1235,509.48,2.185,6.70E+00,95,1.2151,0.0841,17,1.21,0,2.82E+02,9.79E-01,19.560682,3.30E+01,4.96E+00,21.542862,5.15E+02,17.967545,1.943,3.575317,,,0,,,1.21871E+17,1.23767E+18,,,0.004667,0.163459,0.021612,19.535091,0.004597,2.89E+02,0.379,9.666,5.7117,0.2447,110.8,4.3,-4.1,0.03,0.05,0.12,1.32,0.09,4.45,0.21,1478,57,19.98,7.76
0.125775,59.3622917,-44.2918056,47,03 57 26.95,-44 17 30.5,DENIS-P J035726.9-441730,53,L0beta,,4,0357-4417,all,2M,DENIS-P J035726.9-441730,59.36233884,-44.29181466,0.0067046,0.0048755,179.55,4.84145E+18,59.362815,0.2296,-44.29181899,0.3053,21.2769,0.2888,73.6836,76.694,76.688,0.305,-0.973,0.412,348,3.9668,577.9,1.988,7.97E+00,95,1.0217,0.0877,27,1.154,0,3.36E+02,1.03E+00,19.371449,4.71E+01,9.71E+00,21.156622,6.05E+02,17.792791,1.942,3.363831,,,0,,,,,504597742,,0.004319,0.223894,0.01468,19.345858,0.00426,3.44E+02,0.408,4.8757,6.7045,-0.0051,18,5,-3.09,0.24,0.01,0.04,,,,,,,,
0.259394,65.9524167,-4.2343056,49,04 23 48.58,-04 14 03.5,SDSSp J042348.57-041403.5,28,L7.5,,32,0423-0414,all,2M,SDSSp J042348.57-041403.5,65.95240159,-4.23423514,0.0159231,0.0103583,67.99,3.20312E+18,65.95088654,0.7,-4.233918172,0.5746,70.1502,0.9336,75.1434,347.356,-339.956,0.955,71.318,0.724,526,17.0764,1484.17,6.679,2.75E+01,95,0.795,0.1732,20,1.573,0,1.73E+02,1.16E+00,20.09032,3.67E+01,4.81E+00,21.427774,4.27E+02,18.172626,2.674,3.255148,,,0,,,1.02911E+17,1.23765E+18,24831543,,0.007784,0.142313,0.016436,20.064729,0.007625,1.77E+02,1.155,15.2643,11.3066,0.2945,65.9,1.7,-4.18,0.02,0.5,10,,,,,,,,
0.201035,67.2123333,-22.8896389,50,04 28 50.96,-22 53 22.7,2MASSI J0428510-225323,54,L0.5,,54,0428-2253,all,2M,2MASSI J0428510-225323,67.2123782,-22.88960139,0.0058097,0.003638,139.33,4.89816E+18,67.21295644,0.1981,-22.88892537,0.2156,39.3977,0.3266,120.6124,193.654,119.858,0.286,152.105,0.309,734,25.0684,2679.52,2.112,3.51E+01,95,0.9749,0.0472,23,1.724,1,6.13E+02,1.31E+00,18.718735,4.67E+01,5.18E+00,21.165789,1.50E+03,16.810362,2.517,4.355427,,,0,,,8.05307E+16,,22404889,,0.003601,0.12047,0.006102,18.693144,0.003567,6.28E+02,0.847,4.6851,5.0037,-0.4326,38.48,1.85,-3.43,0.04,0.5,10,1.09,0.05,5.22,0.1,2400,83,79.61,11.15
0.393158,68.8172083,-16.1159722,51,04 35 16.13,-16 06 57.5,2MASS J04351612-1606574,37,M7,,27,0435-1606,all,2M,2MASS J04351612-1606574,68.81728611,-16.11589258,0.0029652,0.0024361,132.04,3.17163E+18,68.8180267,0.1425,-16.11449197,0.1303,94.3054,0.2099,449.3914,353.468,160.083,0.172,315.14,0.168,470,98.8273,83564.64,1.99,1.58E+03,31,,,25,5.617,0,2.71E+04,1.79E+01,14.606592,9.27E+02,9.82E+00,17.92072,4.56E+04,13.099297,1.721,4.821423,,,0,,,8.86607E+16,,22826413,,0.002847,0.011832,0.003946,14.606592,0.002847,2.71E+04,-0.014,2.7406,2.6863,-0.193,95.35,1.06,-3.04,0.01,0.5,10,1.26,0.03,5.19,0.05,2795,39,100.44,7.63
0.095203,69.1161667,-41.24625,52,04 36 27.88,-41 14 46.5,2MASS J04362788-4114465,55,M8betagamma,,"47,16",0436-4114,all,2M,2MASS J04362788-4114465,69.11619713,-41.24623673,0.0021175,0.0015371,155.47,4.81594E+18,69.11657486,0.0798,-41.24619229,0.0896,25.3437,0.0953,265.9326,64.68,63.903,0.103,9.999,0.125,385,-1.5454,863.05,0.762,1.28E+01,95,1.0217,0.0245,28,0.944,0,1.75E+03,2.42E+00,17.578638,5.50E+01,6.32E+00,20.987328,3.17E+03,15.996141,1.839,4.991187,,,0,,,,,18252423,,0.003138,0.124773,0.00514,17.553047,0.003122,1.79E+03,0.08,1.6518,2.0294,-0.239,23,6,-2.88,0.23,0.01,0.04,1.97,0.39,4.3,0.33,2445,403,39,23.17
0.207523,69.7542083,-23.8856389,53,04 39 01.01,-23 53 08.3,2MASSI J0439010-235308,32,L6.5,,32,0439-2353,all,2M,2MASSI J0439010-235308,69.75418685,-23.88569311,0.0062475,0.0037284,166.6,4.89495E+18,69.75363654,0.1822,-23.88637247,0.277,80.7266,0.3582,225.3567,190.218,-113.216,0.244,-152.857,0.378,671,5.9178,1059.27,2.038,8.71E+00,95,1.1066,0.0499,26,1.166,0,2.87E+02,7.75E-01,19.54434,4.49E+01,5.02E+00,21.207972,5.30E+02,17.936485,2.007,3.271486,,,0,,,7.93307E+16,,22495494,,0.004026,0.121432,0.014262,19.518749,0.003976,2.93E+02,0.487,3.9051,6.1386,-0.2363,110.4,4,-4.61,0.03,0.5,10,0.97,0.12,5.04,0.37,1290,82,48.01,23.41
3.382967,70.9067083,-0.03475,54,04 43 37.61,-00 02 05.1,2MASS J04433764+0002040,29,M9gamma,,"47,16",0443+0002,all,2M,2MASSI J0443376+000205,70.90660728,-0.035684267,0.0063429,0.0050323,98.93,3.23001E+18,70.90661639,0.2629,-0.03569273,0.1549,0.0679,0.3102,0.219,2.798,2.049,0.398,-1.904,0.32,380,0.2135,393.94,0,0.00E+00,95,1.5072,0.0578,19,1.007,0,3.53E+02,8.63E-01,19.318254,1.11E+02,5.61E+00,20.226316,3.21E+02,18.483225,1.223,1.743092,,,0,,,1.07951E+17,1.23765E+18,25331967,,0.003826,0.054986,0.022154,19.313675,0.003819,3.54E+02,-0.078,6.3145,5.0679,-0.0715,40,4,-3.13,0.09,0.012,0.022,1.78,0.12,4.19,0.13,2230,134,21.99,5.76
0.418782,71.4744583,-30.8056667,55,04 45 53.87,-30 48 20.4,2MASSI J0445538-304820,32,L2,,32,0445-3048,all,2M,2MASSI J0445538-304820,71.47456727,-30.80573579,0.0029205,0.0019279,137.49,4.87804E+18,71.47540368,0.1042,-30.80759816,0.1206,61.9364,0.1482,417.9345,449.128,161.641,0.152,-419.033,0.156,391,-1.6405,653.2,0.849,7.11E+00,95,1.0059,0.0324,27,0.941,0,9.30E+02,1.75E+00,18.266542,3.88E+01,5.18E+00,21.365547,1.69E+03,16.679232,1.858,4.686316,,,0,,,7.10307E+16,,19329658,,0.003431,0.144718,0.007839,18.240951,0.003403,9.52E+02,0.142,2.432,2.5163,-0.3917,78.5,4.9,-3.99,0.05,0.5,10,1,0.08,5.19,0.2,1809,90,63.8,15
0.209578,72.753875,-34.0375,56,04 51 00.93,-34 02 15.0,2MASSI J0451009-340214,32,L0.5,,32,0451-3402,all,2M,2MASSI J0451009-340214,72.75393827,-34.03747469,0.0028799,0.0021786,151.76,4.87324E+18,72.75445982,0.1118,-34.03686215,0.1241,45.9192,0.1423,322.6969,168.675,97.244,0.147,137.822,0.17,410,1.2995,659.36,0.904,6.48E+00,95,1.0675,0.0393,30,1.045,0,7.84E+02,1.40E+00,18.45176,3.39E+01,5.28E+00,21.513159,1.46E+03,16.836477,1.907,4.676682,,,0,,,,,19291344,,0.003368,0.169291,0.007656,18.426169,0.003342,8.03E+02,0.192,2.3539,2.7385,-0.2294,47.46,1.51,-3.66,0.03,0.5,10,1.04,0.06,5.22,0.13,2155,72,72.38,12
0.175321,75.0875,3.5139167,57,05 00 21.00,+03 30 50.1,2MASS J05002100+0330501,48,L4,,48,0500+0330,all,2M,2MASS J05002100+0330501,75.08754852,3.513911561,0.005082,0.0040825,90.85,3.23845E+18,75.08759875,0.2322,3.512347593,0.1118,75.6081,0.2907,260.0772,352.074,11.281,0.32,-351.893,0.255,562,0.3334,835.38,1.178,6.51E+00,95,0.9536,0.0444,19,1.009,0,5.02E+02,1.23E+00,18.936213,3.12E+01,3.95E+00,21.602688,9.70E+02,17.281218,1.995,4.32147,,,0,,,1.12211E+17,,,,0.003826,0.137418,0.007929,18.910622,0.003783,5.14E+02,0.33,5.0818,4.0828,-0.0065,73.85,1.98,-4.01,0.02,0.5,10,1,0.08,5.2,0.19,1793,72,63.68,14.44
0.228612,75.35025,-0.1792222,58,05 01 24.06,-00 10 45.2,2MASS J05012406-0010452,48,L4gamma,,4,0501-0010,all,2M,2MASS J05012406-0010452,75.35018688,-0.179215187,0.00119,0.0007664,76.4,3.22812E+18,75.35018688,1.1706,-0.179215187,0.7957,,,,,,,,,179,2.3309,220.42,2.924,2.74E+00,3,,,12,,0,7.87E+01,7.82E-01,20.947659,3.75E+01,7.08E+00,21.402933,9.36E+01,19.819458,1.667,1.583475,,,0,,,1.07781E+17,1.23765E+18,,,0.011143,0.204807,0.163973,20.947659,0.011143,7.87E+01,0.386,1.1706,0.7957,0.2034,51,3.7,-3.97,0.06,0.01,0.15,1.38,0.18,4.36,0.41,1560,118,21.44,13.7
0.189677,80.90925,-14.0506111,60,05 23 38.22,-14 03 02.2,2MASSI J0523382-140302,32,L2.5,,32,0523-1403,all,2M,2MASSI J0523382-140302,80.9092651,-14.05056049,0.0024691,0.0020623,138.22,2.98504E+18,80.90975754,0.0976,-14.04984285,0.1003,78.5273,0.1469,534.6233,193.971,107.484,0.14,161.468,0.141,481,-2.2454,884.52,0.928,1.18E+01,95,0.9788,0.029,23,0.927,0,1.13E+03,1.59E+00,18.057432,4.25E+01,5.60E+00,21.267834,2.03E+03,16.47946,1.838,4.788374,,,0,,,9.11408E+16,,23823877,380003356,0.003151,0.143224,0.006801,18.031841,0.003133,1.15E+03,0.108,2.252,2.2974,-0.177,80.95,1.76,-3.86,0.02,0.5,10,1.01,0.07,5.21,0.16,1939,68,67.54,12.79
0.41331,84.9666667,-0.9838611,61,05 39 52.00,-00 59 01.9,SDSS J053951.99-005902.0,57,L5,,57,0539-0058,all,2M,SDSS J053951.99-005902.0,84.96668349,-0.983747526,0.0060084,0.0044028,124.98,3.21752E+18,84.96740405,0.2851,-0.98231541,0.2828,78.9451,0.3603,219.104,360.703,162.102,0.339,322.226,0.298,381,4.7162,690.16,1.692,8.25E+00,95,1.0182,0.0648,21,1.176,0,4.09E+02,1.07E+00,19.156998,2.98E+01,6.10E+00,21.652287,7.70E+02,17.53111,1.955,4.121176,,,0,,,1.06821E+17,1.23767E+18,27824617,,0.003952,0.222126,0.014763,19.131407,0.003905,4.19E+02,0.318,5.5324,4.9878,-0.2845,76.12,2.17,-4.15,0.02,0.5,10,0.99,0.08,5.18,0.22,1659,74,60.74,15.43
0.798954,89.82975,-14.0802222,62,05 59 19.14,-14 04 48.8,2MASS J05591914-1404488,58,T4.5,,2,0559-1404,all,2M,2MASS J05591914-1404488,89.82994689,-14.08033525,0.0114229,0.0098699,18.03,2.99717E+18,89.83256484,0.4973,-14.08183823,0.5906,95.2714,0.7179,132.7116,663.918,571.34,0.618,-338.167,0.682,319,7.2744,603.96,3.441,1.26E+01,95,0.8526,0.1491,21,1.303,0,1.63E+02,1.27E+00,20.15528,3.64E+01,8.62E+00,21.436401,3.63E+02,18.348654,2.445,3.087748,,,0,,,9.11009E+16,,24289580,,0.008883,0.257411,0.023848,20.129689,0.008696,1.67E+02,0.952,10.0292,11.2833,0.086,96.6,1,-4.59,0.01,0.5,10,0.97,0.11,5.09,0.39,1301,75,50.44,24.33
0.641627,90.626875,39.1831111,63,06 02 30.45,+39 10 59.2,LSR 0602+3910,59,L1beta,,35,0602+3910,all,2M,LSR J0602+3910,90.62694463,39.18294124,0.0027124,0.0014954,118.56,3.45749E+18,90.6278481,0.1304,39.18069055,0.1119,85.7574,0.1262,679.5921,530.353,157.57,0.151,-506.405,0.11,278,-0.3953,623.56,0.75,1.46E+01,95,1.0783,0.0252,17,0.982,0,2.35E+03,2.93E+00,17.258146,6.55E+01,6.74E+00,20.798176,4.32E+03,15.660386,1.861,5.13779,,,0,,,1.55011E+17,,,646147787,0.003068,0.111806,0.00571,17.232555,0.003054,2.41E+03,0.082,2.4873,1.8457,-0.4684,88.5,1.6,-3.65,0.02,0.01,0.15,1.41,0.2,4.46,0.41,1854,134,27.61,15.84
0.053045,92.220125,-27.8995278,64,06 08 52.83,-27 53 58.3,2MASS J06085283-2753583,32,M8.5gamma,,60,0608-2753,all,2M,2MASS J06085283-2753583,92.22014097,-27.89953202,0.0026438,0.0024731,174.89,2.89802E+18,92.22020338,0.108,-27.89950441,0.1232,22.6234,0.157,144.0756,13.876,12.409,0.155,6.212,0.164,423,0.5208,611,0.816,4.80E+00,95,1.0835,0.0324,27,1.017,0,7.32E+02,1.23E+00,18.526438,4.08E+01,7.49E+00,21.312164,1.38E+03,16.901123,1.937,4.411041,,,0,,,7.45209E+16,,32665093,,0.003306,0.199389,0.006896,18.500847,0.003283,7.49E+02,0.259,2.4745,2.6425,-0.0119,32,3.6,-3.34,0.1,0.01,0.15,1.51,0.27,4.51,0.46,2145,228,37.8,24.23
0.842809,94.8039167,-58.0558056,67,06 19 12.94,-58 03 20.9,AB Pic b,123,L1beta gamma,,34,0619-5803b,all,2M,AB Pic b,94.8041617,-58.05561065,0.0063877,0.0024501,133.34,5.49505E+18,94.8041617,4.941,-58.05561065,4.732,,,,,,,,,63,4.6234,122.31,11.403,6.42E+00,3,,,9,,0,1.18E+02,3.22E+00,20.510303,,,,,,,,,,0,,,,,,,0.029872,,,20.510303,0.029872,1.18E+02,,4.941,4.732,-0.7429,21.71,0.69,-3.75,0.05,0.01,0.04,1.55,0.05,4.19,0.17,1674,53,15.31,4.7
0.067849,96.1914583,-45.3652222,68,06 24 45.95,-45 21 54.8,2MASS J06244595-4521548,48,L5,,60,0624-4521,all,2M,2MASS J06244595-4521548,96.1914372,-45.36521056,0.0082626,0.0068802,2.75,5.55662E+18,96.19120979,0.3122,-45.3635282,0.3951,82.0248,0.3583,228.8977,380.234,-35.95,0.427,378.531,0.508,356,2.5545,480.7,2.203,4.36E+00,95,1.1332,0.1034,28,1.097,0,2.22E+02,8.84E-01,19.821495,3.42E+01,3.59E+00,21.504343,4.08E+02,18.221071,1.992,3.283272,,,0,,,,,473050095,,0.005127,0.114244,0.021643,19.795904,0.005043,2.27E+02,0.47,6.8837,8.2597,0.0176,83.9,4.5,-4.33,0.05,0.5,10,0.99,0.1,5.14,0.27,1501,85,56.04,18.52
0.472268,100.3266667,-43.3758056,69,06 41 18.40,-43 22 32.9,2MASS J06411840-4322329,48,L1.5,,48,0641-4322,all,2M,2MASS J06411840-4322329,100.326756,-43.3756916,0.003063,0.0027784,16.31,5.55711E+18,100.3280495,0.1424,-43.37288286,0.1477,51.1675,0.1559,328.2056,666.437,211.554,0.175,631.968,0.189,330,4.208,574.04,1.143,9.67E+00,95,1.1343,0.0488,28,1.169,0,7.12E+02,1.32E+00,18.556807,4.00E+01,7.21E+00,21.334042,1.28E+03,16.975948,1.862,4.358093,,,0,,,,,28444741,,0.003413,0.195778,0.00748,18.531216,0.003386,7.29E+02,0.191,2.8019,3.0415,0.0526,55.7,5.7,-3.87,0.09,0.5,10,1.01,0.07,5.2,0.18,1927,120,66.67,14.68
0.099243,103.082375,-25.5806944,70,06 52 19.77,-25 34 50.5,DENIS-P J0652197-253450,62,L0,,62,0652-2534,all,2M,DENIS-P J0652197-253450,103.0823467,-25.58068406,0.001447,0.0011025,10.17,2.921E+18,103.0811859,0.0508,-25.58029333,0.0748,62.2553,0.0938,663.5809,251.438,-235.567,0.069,87.915,0.088,511,-2.5532,756.29,0.485,6.27E+00,31,,,27,0.92,0,2.00E+03,1.93E+00,17.434298,7.58E+01,6.57E+00,20.639114,3.54E+03,15.875258,1.807,4.763857,,,0,,,7.7301E+16,,48889601,,0.002947,0.094097,0.00496,17.434298,0.002947,2.00E+03,0.08,1.1149,1.4375,0.0953,63.76,0.94,-3.59,0.01,0.5,10,1.05,0.05,5.22,0.12,2231,60,74.67,11.18
1.554874,105.1526667,31.9573889,71,07 00 36.64,+31 57 26.6,2MASS J07003664+3157266,63,L3.5:,,64,0700+3157,all,2M,2MASS J07003664+3157266,105.1530139,31.95707302,0.0058659,0.0047675,97.08,8.90664E+17,105.1534681,0.3112,31.95462985,0.2806,89.0182,0.3676,242.1412,556.51,86.704,0.365,-549.714,0.295,217,18.0972,1295.29,2.588,5.23E+01,31,,,16,1.995,0,1.04E+03,4.95E+00,18.14311,4.30E+01,8.75E+00,21.255444,2.28E+03,16.353895,2.229,4.901548,,,0,,,1.46341E+17,,,610153712,0.005853,0.221036,0.008244,18.14311,0.005853,1.04E+03,0.482,5.8507,4.7861,-0.051,82,2,-3.79,0.02,0.5,10,,,,,,,,
0.133018,106.9719583,-49.0139722,72,07 07 53.27,-49 00 50.3,2MASS J07075327-4900503,65,M9,,65,0707-4900,all,2M,2MASS J07075327-4900503,106.9720146,-49.01397214,0.0023455,0.0020876,42.04,5.50855E+18,106.9719079,0.1027,-49.01220608,0.1,41.6863,0.1138,366.3246,397.675,-15.747,0.137,397.363,0.138,303,2.048,565.45,0.779,9.58E+00,95,1.118,0.0296,23,1.084,0,1.49E+03,2.79E+00,17.750853,5.49E+01,7.95E+00,20.989876,2.71E+03,16.166534,1.848,4.823341,,,0,,,,,470584529,,0.00342,0.157196,0.005412,17.725262,0.003392,1.53E+03,0.112,2.207,2.2335,0.1154,54.1,4.5,-3.66,0.07,0.5,10,1.03,0.07,5.22,0.14,2151,114,72.07,13.3
0.753452,117.8185417,-25.512,78,07 51 16.45,-25 30 43.2,DENIS-P J0751164-253043,62,L2.5,,62,0751-2530,all,2M,DENIS-P J0751164-253043,117.8183146,-25.51195742,0.001921,0.0014305,0.33,5.60241E+18,117.8139844,0.0619,-25.51130745,0.0879,56.4165,0.1186,475.5597,891.395,-879.314,0.089,146.259,0.119,684,0.7764,1249.25,0.779,1.16E+01,95,1.0686,0.022,28,1.021,0,1.24E+03,1.42E+00,17.950481,4.49E+01,4.65E+00,21.20834,2.27E+03,16.355745,1.865,4.852594,,,0,,,7.73812E+16,,44995311,,0.00302,0.112521,0.004697,17.92489,0.003008,1.27E+03,0.125,1.4306,1.921,0.0035,59.15,0.84,-3.73,0.01,0.5,10,1.03,0.06,5.22,0.14,2083,64,70.69,12.01
0.825052,118.0995833,16.2043611,79,07 52 23.90,+16 12 15.7,2MASS J07522390+1612157,37,M7beta gamma,,"68,25",0752+1612,all,2M,2MASS J07522390+1612157,118.0996876,16.20415498,0.0009091,0.0004702,95.83,6.66988E+17,118.1005354,0.0446,16.20259811,0.0293,52.963,0.052,1018.8923,395.296,183.169,0.056,-350.297,0.031,425,4.3581,1639.46,0.299,2.96E+01,31,,,15,1.153,0,2.36E+04,2.00E+01,14.752794,1.76E+03,1.99E+01,17.225756,3.69E+04,13.32958,1.636,3.896175,,,0,,,1.27441E+17,1.23766E+18,,532144710,0.002904,0.012607,0.004312,14.752794,0.002904,2.36E+04,0.029,0.9057,0.4768,-0.1416,54.37,1,-2.67,0.02,0.01,0.15,2.01,0.35,4.48,0.51,2731,242,67.67,46.32
1.091632,126.332,21.2644722,81,08 25 19.68,+21 15 52.1,2MASSI J0825196+211552,14,L7.5,,14,0825+2115,all,2M,2MASSI J0825196+211552,126.331719,21.26431927,0.0159092,0.0086695,119.55,6.64215E+17,126.3293132,0.6841,21.26297408,0.4994,92.6006,0.8221,112.6412,588.288,-504.454,0.896,-302.671,0.691,255,2.4678,336.72,2.093,2.09E+00,95,0.9421,0.167,15,1.111,0,1.28E+02,8.97E-01,20.420143,4.18E+01,7.75E+00,21.285553,2.49E+02,18.758982,2.271,2.526571,,,0,,,1.33511E+17,1.23766E+18,,,0.0081,0.20139,0.032208,20.402026,0.007982,1.30E+02,0.86,14.485,10.8833,-0.4843,93.8,1,-4.53,0.01,0.5,10,0.98,0.11,5.11,0.37,1341,73,51.98,23.13
0.187482,127.4555833,26.7760278,82,08 29 49.34,+26 46 33.7,GJ 1111,70,M6.5,,71,0829+2646,all,2M,GJ 1111,127.4556366,26.77600671,0.0010302,0.0007509,97.08,7.0379E+17,127.4500924,0.0552,26.77328597,0.0397,279.2496,0.0637,4382.0522,1270.862,-1113.694,0.064,-612.191,0.047,279,3.5592,7171.47,0.493,2.59E+02,31,,,18,1.155,0,2.56E+05,2.04E+02,12.167455,1.24E+04,4.14E+01,15.10305,4.14E+05,10.705456,1.667,4.397595,,,0,,,1.40121E+17,,,584161552,0.002888,0.004572,0.003856,12.167455,0.002888,2.56E+05,-0.009,1.0266,0.756,-0.0784,275.8,3,-3.08,0.01,0.5,10,1.23,0.03,5.2,0.05,2752,39,97.35,7.72
0.158173,127.6356667,9.7876111,84,08 30 32.56,+09 47 15.4,LHS 2021,26,M6.5,,72,0830+0947,all,2M,LHS 2021,127.6357098,9.787622504,0.0013415,0.00095,97.5,5.99892E+17,127.6335013,0.0672,9.785581536,0.046,59.8055,0.0747,800.3392,671.312,-489.67,0.083,-459.219,0.06,314,1.8768,919.11,0.487,1.66E+01,31,,,18,1.075,0,6.13E+03,6.53E+00,16.21911,2.61E+02,1.06E+01,19.298409,1.04E+04,14.701941,1.745,4.596468,,,0,,,1.19741E+17,1.23767E+18,,499147816,0.002989,0.044289,0.004398,16.21911,0.002989,6.13E+03,0.041,1.3358,0.958,-0.0907,59.81,4.52,-3.24,0.07,0.5,10,1.15,0.06,5.22,0.08,2599,119,88.22,11.28
0.352589,131.8696667,-15.5436667,87,08 47 28.72,-15 32 37.2,2MASSI J0847287-153237,32,L2,,32,0847-1532,all,2M,2MASSI J0847287-153237,131.8697557,-15.54371398,0.0034823,0.002265,131.59,5.73343E+18,131.8703691,0.1349,-15.54460362,0.1148,57.5106,0.2051,280.3413,240.31,132.971,0.184,-200.168,0.174,517,-2.7684,787.24,0.714,5.48E+00,95,0.9912,0.0296,19,0.914,0,8.38E+02,1.16E+00,18.379847,3.73E+01,5.72E+00,21.409199,1.51E+03,16.801304,1.846,4.607895,,,0,,,8.93413E+16,,72705122,,0.003141,0.166617,0.005987,18.354256,0.003124,8.58E+02,0.141,3.0072,2.8658,-0.403,76.5,3.5,-4.01,0.04,0.5,10,1,0.08,5.19,0.2,1794,81,63.55,14.79
0.452725,133.4007917,-3.49225,88,08 53 36.19,-03 29 32.1,2MASS J08533619-0329321,73,M9,,74,0853-0329,all,2M,2MASS J08533619-0329321,133.4006687,-3.492277085,0.0013147,0.0008351,85.86,5.76199E+18,133.3983684,0.0568,-3.493164429,0.0334,115.4876,0.0726,1590.793,553.843,-516.605,0.082,-199.652,0.052,352,-3.2304,912.65,0.397,1.71E+01,31,,,16,0.879,0,8.31E+03,9.16E+00,15.888929,3.10E+02,1.02E+01,19.109976,1.44E+04,14.351721,1.772,4.758255,,,0,,,1.03801E+17,,75992355,433108343,0.003004,0.035876,0.004902,15.888929,0.003004,8.31E+03,0.045,1.3126,0.8384,0.0674,117.98,0.76,-3.5,0.01,0.5,10,1.07,0.05,5.22,0.11,2320,52,77.36,10.41
0.298087,151.0860833,50.3832222,95,10 04 20.66,+50 22 59.6,G 196-3B,77,L3beta,,4,1004+5022,all,2M,G 196-3B,151.0859963,50.38316073,0.0083787,0.0068032,110.45,8.24017E+17,151.0850348,0.3843,50.3822539,0.348,46.1952,0.5452,84.7264,246.291,-137.941,0.519,-204.038,0.428,469,2.6272,620.97,2.191,4.08E+00,95,1.0412,0.101,23,1.087,0,1.68E+02,6.69E-01,20.125065,3.49E+01,4.06E+00,21.481445,3.05E+02,18.537868,2.024,2.943577,,,0,,,1.68452E+17,1.23766E+18,,,0.005128,0.126293,0.023764,20.100262,0.005045,1.72E+02,0.551,8.2026,7.0145,-0.1361,41,4.1,-3.75,0.09,0.025,0.3,1.36,0.23,4.54,0.46,1789,176,32.41,20.79
0.198247,154.2814167,13.1443889,98,10 17 07.54,+13 08 39.8,2MASSI J1017075+130839,32,L2:,,32,1017+1308,all,2M,2MASSI J1017075+130839,154.2814731,13.14438453,0.0102308,0.0082441,91.32,3.88693E+18,154.2816399,0.5496,13.14384128,0.418,32.6953,0.5896,55.4559,127.577,36.548,0.635,-122.23,0.507,219,17.6067,931.46,3.744,2.69E+01,95,1.2113,0.1159,16,1.963,0,4.04E+02,3.22E+00,19.172594,5.44E+01,7.86E+00,20.99976,8.41E+02,17.435894,2.219,3.563866,,,0,,,1.23772E+17,1.23766E+18,,,0.009078,0.156832,0.017663,19.147003,0.008887,4.13E+02,0.656,10.2298,8.2453,-0.01,30.2,1.4,-3.44,0.04,0.5,10,,,,,,,,
0.219528,155.5620417,41.2407222,100,10 22 14.89,+41 14 26.6,HD 89744B,75,L0,,75,1022+4114,all,2M,HD 89744B,155.561967,41.24069844,0.0110474,0.006955,71.63,8.04746E+17,155.5612624,0.4822,41.24007448,0.3265,26.007,0.4713,55.1831,184.179,-119.215,0.647,-140.39,0.457,279,2.5133,411.21,1.474,3.06E+00,95,0.9245,0.0957,18,1.108,0,2.74E+02,1.03E+00,19.594088,4.58E+01,8.60E+00,21.185902,4.79E+02,18.047773,1.916,3.138128,,,0,,,1.57482E+17,,,657216202,0.004918,0.203864,0.019852,19.568497,0.00484,2.80E+02,0.415,10.7109,7.4628,0.2757,25.36,0.31,-3.63,0.02,0.5,10,1.04,0.06,5.22,0.13,2183,65,73.21,11.58
0.127316,155.700875,58.42925,101,10 22 48.21,+58 25 45.3,2MASS J10224821+5825453,48,L1beta,,4,1022+5825,all,2M,2MASS J10224821+5825453,155.7009212,58.42927581,0.0022859,0.0012323,34.2,1.04719E+18,155.6940438,0.0893,58.42600122,0.1046,53.9657,0.1577,342.1061,1095.103,-810.148,0.1,-736.825,0.124,722,0.6326,1209.8,0.902,1.05E+01,95,1.0505,0.0257,26,1.016,0,9.10E+02,1.13E+00,18.290045,4.76E+01,4.70E+00,21.144558,1.63E+03,16.714872,1.848,4.429686,,,0,,,1.78112E+17,1.23765E+18,,743226212,0.003066,0.107188,0.005291,18.264454,0.003052,9.31E+02,0.168,1.6399,2.0136,0.5218,54.3,2.5,-3.69,0.04,0.01,0.15,1.41,0.2,4.45,0.41,1820,138,27.2,15.97
0.39911,159.2210417,-34.6938889,102,10 36 53.05,-34 41 38.0,2MASSW J1036530-344138,79,L6,,79,1036-3441,all,2M,2MASSW J1036530-344138,159.2210856,-34.69399373,0.0234633,0.0155435,14.52,5.44422E+18,159.2208579,0.9386,-34.69601722,1.0353,67.9608,1.5952,42.6021,457.227,-42.109,1.031,-455.284,1.462,139,4.5675,226.42,3.233,2.26E+00,95,1.3232,0.2995,12,1.29,0,8.61E+01,8.92E-01,20.850365,4.27E+01,1.07E+01,21.261427,1.67E+02,19.192944,2.434,2.068483,,,0,,,,,85279986,,0.011581,0.270752,0.055487,20.840362,0.011481,8.69E+01,1.089,16.1557,23.046,0.2013,61.5,9.1,-4.51,0.13,0.5,10,0.97,0.12,5.04,0.37,1368,131,49.24,24.45
0.997986,162.061,-39.9350556,104,10 48 14.64,-39 56 06.2,DENIS-P J1048.0-3956,81,M9,,81,1048-3956,all,2M,DENIS-P J1048.0-3956,162.0607234,-39.9352341,0.0010571,0.0007145,43.9,5.39345E+18,162.0538877,0.0334,-39.93962595,0.0396,247.2156,0.0512,4828.6377,1538.557,-1179.311,0.056,-988.121,0.056,499,1.4152,5511.9,0.457,1.30E+02,31,,,22,1.045,0,4.71E+04,2.69E+01,14.005882,1.23E+03,7.54E+00,17.617006,8.20E+04,12.46335,1.769,5.153656,,,0,,,,,82997497,,0.002824,0.007233,0.003879,14.005882,0.002824,4.71E+04,-0.013,0.8958,0.9086,0.3726,248.08,0.61,-3.51,0,0.5,10,1.07,0.05,5.22,0.11,2307,51,77,10.37
0.95561,164.12025,7.0146389,107,10 56 28.86,+07 00 52.7,2MASS J10562886+0700527,84,M6,,74,1056+0700,all,2M,2MASS J10562886+0700527,164.1205036,7.014723135,0.001335,0.0010585,112.67,3.86497E+18,164.1031903,0.0668,7.002726941,0.0515,415.1794,0.0684,6072.462,4715.33,-3866.338,0.081,-2699.215,0.069,218,-3.4589,7662.83,0.536,3.16E+02,95,1.0886,0.0154,15,0.835,0,7.24E+05,1.00E+03,11.038391,4.24E+04,1.83E+02,13.770287,1.16E+06,9.58545,1.663,4.184836,,,0,,,1.16402E+17,1.23766E+18,,486150763,0.003138,0.005448,0.004348,11.038391,0.003138,7.24E+05,0.018,1.2977,1.104,-0.1643,419.1,2.1,-3.03,0,0.5,10,1.56,0.1,5.19,0.05,2517,81,100.7,7.22
0.484542,164.6994583,-15.8047778,108,10 58 47.87,-15 48 17.2,DENIS-P J1058.7-1548,85,L3,,52,1058-1548,all,2M,DENIS-P J1058.7-1548,164.6993192,-15.80479179,0.0055631,0.0044778,93.59,3.56272E+18,164.6981248,0.2819,-15.80465472,0.2466,55.0985,0.3208,171.7288,260.409,-258.576,0.343,30.841,0.277,203,0.594,249.23,0.797,1.30E+00,95,1.1186,0.0757,15,1.028,0,3.79E+02,1.18E+00,19.24175,4.17E+01,6.95E+00,21.288157,6.68E+02,17.686052,1.874,3.602104,,,0,,,,,91223794,,0.004366,0.18102,0.019285,19.216159,0.004305,3.88E+02,0.306,5.5592,4.4826,-0.0273,57.7,1,-3.99,0.02,0.5,10,1,0.07,5.2,0.19,1809,68,64.24,14.01
0.11565,165.5409583,-34.5098611,109,11 02 09.83,-34 30 35.5,TWA 28,86,M8.5gamma,,86,1102-3430,all,2M,TWA 28,165.5409912,-34.50987839,0.0019829,0.0017726,111.47,5.40182E+18,165.5406164,0.0944,-34.50994293,0.0887,16.8794,0.131,128.8514,70.991,-69.49,0.123,-14.521,0.114,384,2.3289,861.08,0.848,1.37E+01,95,1.0706,0.0244,21,1.085,0,1.54E+03,3.09E+00,17.719172,6.47E+01,5.76E+00,20.81109,2.82E+03,16.122927,1.873,4.688164,,,0,,,,,85647113,,0.003514,0.096686,0.008375,17.693581,0.003482,1.58E+03,0.157,1.956,1.8022,-0.0763,18.1,0.5,-2.56,0.02,0.008,0.02,2.39,0.14,4.14,0.15,2670,86,35.91,10.71
0.552037,168.1069583,35.8036389,111,11 12 25.67,+35 48 13.1,Gl 417BC,14,L4.5,,14,1112+3548,all,2M,GJ 417 B,168.1068142,35.80353967,0.0186518,0.0112478,145.21,7.61919E+17,168.105516,0.7157,35.80287395,0.8624,42.2447,1.0582,39.9198,280.28,-236.897,0.882,-149.789,1.044,196,10.9862,522.63,5.158,1.38E+01,95,1.2969,0.184,15,1.612,0,1.92E+02,1.83E+00,19.981564,4.84E+01,8.54E+00,21.12589,3.90E+02,18.271137,2.287,2.854754,,,0,,,1.50962E+17,1.23766E+18,,,0.010732,0.191464,0.02408,19.958068,0.010518,1.96E+02,0.828,14.0919,16.6079,-0.4432,46.04,0.9,-3.88,0.02,0.08,0.3,,,,,,,,
0.062798,174.9630833,-31.9893056,113,11 39 51.14,-31 59 21.5,TWA 26,5,M9gamma,,60,1139-3159,all,2M,TWA 26,174.9630743,-31.98928991,0.0037923,0.0024376,95.13,3.47852E+18,174.9626036,0.1447,-31.98940255,0.1119,21.4091,0.2343,91.3872,93.341,-89.835,0.235,-25.344,0.156,640,36.9808,4520.8,1.733,1.02E+02,95,1.1914,0.0195,21,2.201,0,2.15E+03,2.42E+00,17.353834,6.51E+01,4.57E+00,20.804644,3.95E+03,15.755549,1.865,5.049095,,,0,,,,,86938528,,0.003013,0.076237,0.004792,17.328243,0.003001,2.21E+03,0.098,3.7834,2.4514,-0.081,23.82,2.58,-2.71,0.09,0.008,0.02,2.2,0.22,4.13,0.16,2552,188,30.05,11.29
1.469588,176.6437083,22.5146389,114,11 46 34.49,+22 30 52.7,2MASSW J1146345+223053,52,L3,,52,1146+2230,all,2M,2MASSW J1146345+223053,176.6438921,22.51501013,0.0023386,0.0013276,85.58,3.97977E+18,176.6438921,2.3339,22.51501013,1.3359,,,,,,,,,135,40.9649,2536.06,11.367,1.49E+02,3,,,11,,1,2.93E+02,6.08E+00,19.519485,4.39E+01,5.83E+00,21.232935,7.02E+02,17.632164,2.544,3.600771,,,0,,,,,,563173728,0.02268,0.144343,0.020514,19.519485,0.02268,2.93E+02,0.976,2.3339,1.3359,0.0914,36.8,0.8,-3.56,0.02,0.5,10,,,,,,,,
0.124698,178.6759583,-34.0108333,115,11 54 42.23,-34 00 39.0,2MASS J11544223-3400390,53,L0beta,,34,1154-3400,all,2M,2MASS J11544223-3400390,178.6759259,-34.01085514,0.0065231,0.0048723,76.25,3.46665E+18,178.6750259,0.2639,-34.0107893,0.2318,26.5459,0.3721,71.3374,168.505,-167.853,0.402,14.815,0.314,394,13.5743,1064.15,2.419,1.85E+01,95,1.1579,0.0808,20,1.524,0,3.97E+02,1.10E+00,19.191229,4.16E+01,4.69E+00,21.290491,7.22E+02,17.60152,1.925,3.688971,,,0,,,,,86965489,,0.004085,0.122374,0.010643,19.165638,0.004033,4.06E+02,0.346,6.4411,4.9801,0.1354,25.3,1.7,-3.34,0.06,0.01,0.15,1.5,0.26,4.51,0.45,2155,200,36.86,23.01
0.538714,178.9146667,-37.4597222,116,11 55 39.52,-37 27 35.0,2MASSW J1155395-372735,79,L2,,79,1155-3727,all,2M,2MASSW J1155395-372735,178.9147341,-37.45986195,0.0024898,0.001814,87.56,3.46081E+18,178.9149747,0.0953,-37.46337797,0.085,84.7296,0.1496,566.5026,792.27,42.968,0.155,-791.104,0.114,308,-3.9272,550.29,0.678,8.20E+00,95,1.0135,0.0309,19,0.843,0,1.64E+03,2.58E+00,17.651451,6.39E+01,6.52E+00,20.824032,2.93E+03,16.080036,1.829,4.743996,,,0,,,,,85162554,,0.003242,0.110751,0.005198,17.62586,0.003222,1.68E+03,0.104,2.4888,1.8155,0.0273,104.4,4.7,-4.01,0.04,0.5,10,1,0.08,5.19,0.2,1793,80,63.54,14.78
0.032811,181.8894583,-39.5483333,117,12 07 33.47,-39 32 54.0,TWA 27A,79,M8,,88,1207-3932A,all,2M,TWA 27,181.8894481,-39.54833795,0.0014375,0.0011533,79.86,3.45937E+18,181.889079,0.079,-39.54844319,0.0646,15.4624,0.1163,132.9477,68.278,-64.04,0.087,-23.678,0.072,512,2.1687,930.19,0.6,8.89E+00,31,,,22,1.068,0,2.09E+03,3.50E+00,17.388071,1.20E+02,7.83E+00,20.142246,3.55E+03,15.871304,1.759,4.270943,,,0,,,,,94847596,,0.003302,0.070998,0.00572,17.388071,0.003302,2.09E+03,0.101,1.4295,1.1632,0.0767,19.1,0.4,-2.61,0.02,0.008,0.02,2.33,0.14,4.14,0.15,2637,85,33.43,10.11
0.032811,181.8894583,-39.5483333,119,12 07 33.47,-39 32 54.0,TWA 27,89,M8gamma,,79,1207-3932,all,2M,TWA 27,181.8894481,-39.54833795,0.0014375,0.0011533,79.86,3.45937E+18,181.889079,0.079,-39.54844319,0.0646,15.4624,0.1163,132.9477,68.278,-64.04,0.087,-23.678,0.072,512,2.1687,930.19,0.6,8.89E+00,31,,,22,1.068,0,2.09E+03,3.50E+00,17.388071,1.20E+02,7.83E+00,20.142246,3.55E+03,15.871304,1.759,4.270943,,,0,,,,,94847596,,0.003302,0.070998,0.00572,17.388071,0.003302,2.09E+03,0.101,1.4295,1.1632,0.0767,19.1,0.4,-2.6,0.02,0.008,0.02,,,,,,,,
0.115775,181.9515,-39.0012222,120,12 07 48.36,-39 00 04.4,2MASS J12074836-3900043,90,L0gamma,,90,1207-3900,all,2M,2MASS J12074836-3900043,181.9514718,-39.00124572,0.0122601,0.009614,136.94,3.45949E+18,181.9511082,0.6168,-39.00135448,0.5061,15.2341,0.9558,15.9378,68.124,-63.577,0.662,-24.471,0.688,426,1.6113,534.13,2.301,2.34E+00,95,1.0488,0.1477,21,1.055,0,1.10E+02,5.85E-01,20.588125,2.88E+01,5.32E+00,21.691092,2.02E+02,18.98671,2.102,2.704382,,,0,,,,,94945267,,0.006415,0.200901,0.039064,20.567003,0.006314,1.12E+02,0.665,10.9277,11.1052,-0.2379,15,3,-3.39,0.18,0.008,0.02,1.71,0.09,4.16,0.1,1961,204,17.28,4.59
4.078537,187.0634583,-15.7928333,123,12 28 15.23,-15 47 34.2,DENIS-P J1228.2-1547,85,L5,,52,1228-1547,all,2M,DENIS-P J1228.2-1547,187.0641151,-15.79377359,0.0103468,0.0052058,111.6,3.52069E+18,187.0641151,9.8091,-15.79377359,6.1594,,,,,,,,,491,291.8226,184414.7,92.072,5.31E+03,3,,,18,,1,1.75E+02,2.36E+00,20.0787,3.54E+01,5.54E+00,21.467005,5.39E+02,17.919115,3.278,3.54789,,,0,,,,,104426179,,0.014862,0.169941,0.019849,20.0787,0.014862,1.75E+02,1.718,9.8091,6.1594,-0.453,49.4,1.9,-3.91,0.03,0.5,10,,,,,,,,
2.082409,189.863625,55.2603056,125,12 39 27.27,+55 15 37.1,2MASSW J1239272+551537,14,L5,,14,1239+5515,all,2M,2MASSW J1239272+551537,189.8646397,55.26032229,0.0043587,0.0041624,133.9,1.57129E+18,189.8646397,4.2654,55.26032229,4.2579,,,,,,,,,426,132.2109,27698.59,57.916,9.40E+02,3,,,28,,0,1.27E+02,2.05E+00,20.429024,3.64E+01,3.95E+00,21.436039,3.78E+02,18.304258,3.266,3.131781,,,0,,,,,,,0.017718,0.117995,0.022478,20.429024,0.017718,1.27E+02,1.766,4.2654,4.2579,-0.046,42.4,2.1,-3.84,0.04,0.5,10,,,,,,,,
0.029541,191.309,-44.4854722,126,12 45 14.16,-44 29 07.7,TWA 29,91,M9.5,,91,1245-4429,all,2M,TWA 29,191.3090032,-44.48548007,0.0052093,0.0037908,72.49,6.13267E+18,191.3087157,0.29,-44.48558015,0.2295,12.1549,0.3376,36.0051,51.352,-46.152,0.309,-22.517,0.24,333,-0.0223,421.41,1.012,2.05E+00,95,0.922,0.0716,20,0.998,0,3.32E+02,1.02E+00,19.384148,4.26E+01,5.20E+00,21.264551,6.17E+02,17.772388,1.986,3.492163,,,0,,,,,320715001,,0.004336,0.132443,0.010772,19.358557,0.004276,3.40E+02,0.433,5.0971,3.9404,0.1824,12.66,2.07,-2.91,0.15,0.008,0.02,2,0.23,4.13,0.15,2391,249,25.41,9.17
0.395477,196.4174583,-25.6849722,129,13 05 40.19,-25 41 05.9,Kelu-1,93,L2,,52,1305-2541,all,2M,Kelu-1,196.417351,-25.68492005,0.0182552,0.0090901,119.67,6.18778E+18,196.415845,0.6584,-25.6850415,0.5131,49.0459,0.7248,67.6679,306.592,-305.371,1.008,-27.326,0.727,235,24.6359,1931.13,3.307,5.10E+01,95,1.0301,0.1172,12,2.348,0,5.86E+02,2.68E+00,18.767822,4.70E+01,8.68E+00,21.157574,1.52E+03,16.793161,2.675,4.364412,,,0,,,7.7172E+16,,99093181,,0.005684,0.20037,0.008521,18.742231,0.005583,6.00E+02,1.004,16.4882,12.0009,-0.5447,52,1.54,-3.59,0.03,0.5,10,,,,,,,,
0.260411,200.1844583,4.15125,130,13 20 44.27,+04 09 04.5,2MASS J13204427+0409045,48,L3:,,48,1320+0409,all,2M,2MASS J13204427+0409045,200.1845275,4.151271632,0.0126851,0.0096207,109.3,3.71594E+18,200.182275,0.5509,4.152185774,0.3934,32.3992,0.5958,54.379,545.729,-505.485,0.775,205.681,0.624,268,1.7999,340.65,1.723,1.75E+00,95,0.921,0.14,16,1.078,0,1.44E+02,1.58E+00,20.28978,4.21E+01,7.65E+00,21.27787,2.69E+02,18.675163,2.154,2.602707,,,0,,,1.12982E+17,1.23766E+18,,,0.012221,0.1973,0.034455,20.270355,0.012016,1.47E+02,0.732,12.3875,10.0011,-0.1721,32.3,0.86,-3.89,0.03,0.5,10,1.01,0.07,5.21,0.17,1913,71,66.94,13.12
0.373759,209.9795833,-40.5828333,133,13 59 55.10,-40 34 58.2,2MASS J13595510-4034582,48,L1,,48,1359-4034,all,2M,2MASS J13595510-4034582,209.9796389,-40.58292813,0.0044681,0.0038711,145.67,6.11113E+18,209.9797968,0.1867,-40.585177,0.1673,47.346,0.2025,233.8359,506.713,26.978,0.251,-505.994,0.269,165,1.1137,243.56,0.826,3.50E+00,31,,,14,1.061,0,8.17E+02,2.40E+00,18.406935,6.61E+01,1.43E+01,20.787851,1.52E+03,16.79617,1.937,3.991682,,,0,,,,,99534679,,0.004214,0.234773,0.013936,18.406935,0.004214,8.17E+02,0.318,4.0705,4.2872,-0.1329,64.2,5.5,-4,0.07,0.5,10,1,0.08,5.19,0.2,1799,106,63.44,15.48
0.35301,216.3665833,-36.8396944,137,14 25 27.98,-36 50 22.9,DENIS-P J142527.97-365023.4,97,L3:,,48,1425-3650,all,2M,DENIS J142527.9-365023,216.3666022,-36.83979128,0.0057954,0.0044528,138.67,6.11858E+18,216.3650192,0.2819,-36.84187772,0.2689,84.4219,0.3118,270.754,549.216,-285.058,0.319,-469.446,0.337,212,-0.4937,271.52,1.049,2.92E+00,95,1.0306,0.0699,14,0.974,0,4.92E+02,4.27E+00,18.956718,4.86E+01,9.28E+00,21.121119,8.74E+02,17.394049,1.874,3.72707,,,0,,,,,,,0.009808,0.20724,0.013453,18.931127,0.009598,5.04E+02,0.29,5.082,5.2524,-0.2556,86.45,0.83,-4.04,0.01,0.05,0.12,1.32,0.09,4.43,0.24,1535,55,20.76,7.9
0.162241,217.180125,33.1775278,138,14 28 43.23,+33 10 39.1,LHS 2924,98,M9,,99,1428+3310,all,2M,LHS 2924,217.1801147,33.17757203,0.0014036,0.0005467,15.15,1.28731E+18,217.1782723,0.0385,33.17441211,0.0636,91.1634,0.0994,916.7161,791.128,-346.961,0.041,-710.986,0.085,1021,4.2446,4025.31,0.79,5.53E+01,95,1.0979,0.0125,26,1.095,0,4.18E+03,2.52E+00,16.634634,1.62E+02,4.99E+00,19.813372,7.48E+03,15.063754,1.828,4.749618,,,0,,,1.47812E+17,1.23766E+18,,616204811,0.002832,0.03349,0.004013,16.609043,0.002829,4.28E+03,0.103,0.6427,1.3623,0.4816,90.8,1.3,-3.54,0.01,0.5,10,1.06,0.05,5.22,0.11,2275,58,75.98,10.89
0.21119,219.7512917,18.6606944,139,14 39 00.31,+18 39 38.5,LHS 377,100,M7sd,,101,1439+1839,all,2M,LHS 377,219.7512861,18.66075282,0.0010415,0.000826,52.4,1.23613E+18,219.7512254,0.0445,18.6553297,0.0433,25.865,0.056,461.817,1220.27,-12.925,0.06,-1220.202,0.056,308,0.6998,404.06,0.235,3.11E+00,31,,,18,1.027,0,4.98E+03,4.48E+00,16.443266,4.83E+02,1.24E+01,18.628128,7.32E+03,15.087273,1.565,3.540855,,,0,,,1.30382E+17,1.23767E+18,,544186833,0.002923,0.028061,0.004458,16.443266,0.002923,4.98E+03,0.005,0.9669,0.9122,0.2205,28.4,0.7,-3.07,0.02,0.5,10,1.24,0.04,5.2,0.05,2769,56,98.49,8.49
3.137117,219.8681667,19.4874722,140,14 39 28.36,+19 29 14.9,2MASS J14392837+1929150,52,L1,,52,1439+1929,all,2M,2MASS J14392836+1929149,219.8672914,19.48775244,0.0031247,0.0024114,58.92,1.23773E+18,219.8614407,0.1291,19.4894642,0.136,70.5551,0.1814,389.0161,1299.386,-1241.001,0.183,385.125,0.163,197,-1.4677,442.19,0.813,9.58E+00,95,0.9879,0.0384,15,0.924,0,1.81E+03,3.58E+00,17.542496,4.64E+01,6.70E+00,21.173414,3.31E+03,15.947535,1.855,5.22588,,,0,,,1.31382E+17,1.23767E+18,,548182106,0.003494,0.15707,0.006202,17.516905,0.003464,1.85E+03,0.063,2.9515,2.6205,0.2257,69.6,0.5,-3.69,0.01,0.5,10,1.03,0.06,5.22,0.13,2121,61,71.64,11.6
0.612597,220.0955417,13.6563889,141,14 40 22.93,+13 39 23.0,LSPM J1440+1339,102,M8,,27,1440+1339,all,2M,LSPM J1440+1339,220.0955083,13.65622187,0.0013919,0.0011693,74.98,1.17965E+18,220.0948447,0.0536,13.65486156,0.0566,39.13,0.0774,505.5456,338.711,-145.077,0.085,-306.069,0.073,296,1.3359,614.56,0.396,8.93E+00,31,,,16,1.055,0,5.30E+03,6.09E+00,16.377476,2.75E+02,1.38E+01,19.239489,8.64E+03,14.906987,1.683,4.332501,,,0,,,1.24382E+17,,,519184045,0.003025,0.054501,0.004485,16.377476,0.003025,5.30E+03,0.016,1.3781,1.1855,0.0874,45,1.11,-3.17,0.02,0.5,10,1.19,0.04,5.21,0.06,2672,57,92.33,8.75
0.144459,222.1067917,10.5330556,142,14 48 25.63,+10 31 59.0,2MASS J14482563+1031590,21,L4:,,34,1448+1031,all,2M,2MASS J14482563+1031590,222.106828,10.53307388,0.0106863,0.0081944,132.02,1.175E+18,222.1078403,0.4622,10.53254689,0.3966,69.6352,0.5322,130.8507,253.37,223.913,0.607,-118.572,0.588,202,1.4491,268.08,1.81,2.38E+00,95,1.0046,0.1273,14,1.072,0,2.18E+02,1.11E+00,19.842787,4.64E+01,1.36E+01,21.171564,3.94E+02,18.259466,2.023,2.912098,,,0,,,1.20632E+17,1.23766E+18,,,0.0062,0.31847,0.034265,19.818438,0.00609,2.23E+02,0.555,9.6496,9.393,-0.2581,69,4.6,-4.19,0.06,0.5,10,0.99,0.09,5.17,0.23,1623,91,59.43,16.66
1.455555,224.159625,-28.1631389,143,14 56 38.31,-28 09 47.3,LHS 3003,26,M7,,8,1456-2809,all,2M,LHS 3003,224.1594311,-28.16350532,0.0012419,0.0009686,93.63,6.22439E+18,224.1569595,0.0575,-28.16725415,0.0461,141.7891,0.0617,2296.9192,975.624,-490.285,0.078,-843.482,0.061,206,4.9821,2323.49,0.466,7.91E+01,31,,,15,1.257,0,4.47E+04,4.14E+01,14.061078,1.59E+03,1.09E+01,17.335106,7.46E+04,12.566201,1.703,4.768905,,,0,,,7.42022E+16,,103162362,,0.002933,0.007938,0.004017,14.061078,0.002933,4.47E+04,-0.024,1.2409,0.9698,-0.0318,159.2,5.1,-3.32,0.03,0.5,10,1.12,0.05,5.22,0.08,2511,65,84.02,9.72
0.164323,225.2840833,22.8338889,145,15 01 08.18,+22 50 02.0,TVLM 513-46546,104,M8.5,,8,1501+2250,all,2M,TVLM 513-46546,225.2841103,22.83392719,0.0021867,0.001741,176.68,1.26276E+18,225.2839023,0.0743,22.83363768,0.1032,93.1655,0.1355,687.4275,78.117,-43.12,0.111,-65.138,0.14,469,18.3909,2532.84,0.98,6.33E+01,95,1.199,0.014,18,1.661,0,4.58E+03,4.49E+00,16.5353,1.21E+02,6.28E+00,20.133026,8.30E+03,14.949883,1.839,5.183144,,,0,,,1.35402E+17,1.23767E+18,,565184909,0.002954,0.056522,0.004218,16.509709,0.002945,4.69E+03,0.053,1.7427,2.1854,-0.0266,94.4,0.6,-3.57,0.01,0.5,10,1.05,0.05,5.22,0.11,2242,55,75.07,10.88
1.169499,226.7267083,13.3516667,148,15 06 54.41,+13 21 06.0,2MASSW J1506544+132106,12,L3,,12,1506+1321,all,2M,2MASSW J1506544+132106,226.7263746,13.3516776,0.0037913,0.0031208,116.59,1.18257E+18,226.721482,0.1784,13.3516252,0.1384,85.425,0.1902,449.126,1071.138,-1071.073,0.228,-11.8,0.204,193,-0.3742,280.17,0.659,3.05E+00,95,1.0589,0.0512,14,0.979,0,8.32E+02,2.21E+00,18.387333,2.99E+01,1.00E+01,21.648754,1.51E+03,16.800066,1.852,4.848688,,,0,,,1.24022E+17,1.23767E+18,,517183422,0.003986,0.364025,0.010874,18.361742,0.003938,8.52E+02,0.113,3.6668,3.2662,-0.1549,70.92,2.5,-3.8,0.03,0.5,10,1.02,0.07,5.21,0.15,2004,75,68.77,12.85
1.527716,226.9487083,-16.4607222,149,15 07 47.69,-16 27 38.6,2MASSW J1507476-162738,18,L5,,14,1507-1627,all,2M,2MASSW J1507476-162738,226.9486493,-16.46114277,0.0052755,0.0028262,137.6,6.30607E+18,226.9479458,0.1967,-16.46512505,0.2435,134.9474,0.2611,516.8854,908.779,-151.795,0.26,-896.012,0.279,193,3.12,403.81,1.141,9.17E+00,31,,,13,1.163,0,1.24E+03,2.65E+00,17.951569,4.65E+01,9.09E+00,21.170837,2.31E+03,16.338354,1.897,4.832483,,,0,,,8.82423E+16,,166321800,,0.003596,0.212498,0.009725,17.951569,0.003596,1.24E+03,0.161,4.1243,4.3368,-0.5524,136.4,0.6,-4.21,0,0.5,10,0.99,0.09,5.18,0.23,1607,70,59.66,15.62
0.477096,227.5702083,-2.6855,150,15 10 16.85,-02 41 07.8,TVLM 868-110639,104,M9,,106,1510-0241,all,2M,TVLM 868-110639,227.5701021,-2.68557944,0.0082052,0.0068026,111.39,6.33655E+18,227.5683872,0.4332,-2.685426345,0.3761,55.811,0.5017,111.2494,386.968,-385.432,0.498,34.447,0.44,184,44.8117,5760.84,3.388,2.37E+02,31,,,14,4.138,0,2.45E+03,4.80E+00,17.216242,9.42E+01,9.54E+00,20.403517,4.32E+03,15.658508,1.806,4.745009,,,0,,,1.04772E+17,1.23766E+18,169184366,437134912,0.003484,0.109965,0.006846,17.216242,0.003484,2.45E+03,0.081,8.0328,7.0054,-0.127,61.2,4.7,-3.45,0.07,0.5,10,1.08,0.06,5.22,0.11,2377,113,78.67,12.15
0.384968,228.7534583,48.7948889,152,15 15 00.83,+48 47 41.6,2MASSW J1515008+484742,21,L6,,9,1515+4847,all,2M,2MASSW J1515008+484742,228.7535544,48.79480269,0.0047778,0.0035102,26.53,1.58925E+18,228.7472256,0.2098,48.80131233,0.2335,101.9645,0.2567,397.1846,1739.272,-938.044,0.236,1464.63,0.283,374,5.3719,642.56,1.591,6.18E+00,95,1.0932,0.0662,25,1.203,0,3.70E+02,1.12E+00,19.267273,3.93E+01,6.47E+00,21.351543,7.20E+02,17.604332,2.053,3.747212,,,0,,,1.66552E+17,1.23766E+18,,,0.004279,0.178586,0.012139,19.241682,0.004221,3.79E+02,0.466,3.7971,4.5531,0.2429,95.24,2,-4.32,0.02,0.5,10,0.99,0.1,5.15,0.26,1505,74,56.83,17.52
1.114095,231.5585417,20.7281667,154,15 26 14.05,+20 43 41.4,2MASSI J1526140+204341,14,L7,,14,1526+2043,all,2M,2MASSI J1526140+204341,231.558374,20.72789991,0.0155542,0.0107639,72.72,1.21392E+18,231.5573215,0.7074,20.72630361,0.5238,48.3132,0.7774,62.1458,421.968,-221.484,0.94,-359.168,0.7,218,0.4013,248.16,0.438,8.66E-02,95,1.2375,0.1971,15,1.018,0,1.02E+02,8.40E-01,20.6661,5.19E+01,8.15E+00,21.050531,1.98E+02,19.005772,2.451,2.04476,,,0,,,1.32872E+17,1.23767E+18,,,0.009354,0.170603,0.059295,20.656511,0.009278,1.03E+02,1.11,15.1925,11.2687,0.2089,48.5,8.7,-4.31,0.16,0.5,10,0.98,0.1,5.1,0.31,1518,157,54.39,21.4
0.507122,234.9245417,-5.3452222,155,15 39 41.89,-05 20 42.8,DENIS-P J153941.96-052042.4,97,L4,,47,1539-0520,all,2M,DENIS J153941.9-052042,234.9246826,-5.345209478,0.0051015,0.0040099,104.97,4.40064E+18,234.927317,0.2582,-5.344747797,0.2422,59.2655,0.3274,180.9941,599.224,590.151,0.315,103.879,0.258,228,1.1941,342.93,1.193,3.52E+00,95,1.0254,0.0769,15,1.056,0,4.80E+02,1.97E+00,18.984123,5.20E+01,9.79E+00,21.048105,8.70E+02,17.399351,1.92,3.648754,,,0,,,1.01582E+17,,170117152,,0.005237,0.204388,0.014995,18.958532,0.005149,4.92E+02,0.346,5.036,4.0918,-0.1205,64.5,3.4,-4.05,0.05,0.5,10,1,0.08,5.19,0.2,1753,85,62.64,15.14
0.083903,238.2460833,29.8134722,157,15 52 59.06,+29 48 48.5,2MASSW J1552591+294849,21,L0beta,,4,1552+2948,all,2M,2MASSW J1552591+294849,238.2460892,29.81349494,0.0030988,0.0019173,28.67,1.32085E+18,238.2452716,0.0992,29.81319443,0.1233,48.9042,0.1562,313.0695,173.349,-159.618,0.139,-67.614,0.179,550,2.9278,869.45,0.907,6.49E+00,95,1.114,0.0291,30,1.089,0,7.37E+02,1.27E+00,18.518627,3.72E+01,4.24E+00,21.411936,1.38E+03,16.901249,1.918,4.510687,,,0,,,1.43772E+17,1.23766E+18,,600206980,0.003333,0.123799,0.008166,18.493036,0.003309,7.55E+02,0.226,2.2449,2.8703,0.3871,47.7,0.9,-3.55,0.02,0.01,0.15,1.43,0.22,4.48,0.41,1956,148,30.04,17.36
0.87013,238.8155417,-9.9348611,158,15 55 15.73,-09 56 05.5,2MASSW J1555157-095605,79,L1,,79,1555-0956,all,2M,2MASSW J1555157-095605,238.8157342,-9.935011033,0.0026398,0.0016855,93.71,4.34652E+18,238.8199407,0.1226,-9.938501949,0.0855,73.9802,0.1361,543.7398,1219.043,932.273,0.164,-785.45,0.108,339,5.9728,922.64,0.904,2.00E+01,95,1.1276,0.0247,18,1.239,0,2.15E+03,2.82E+00,17.35469,6.71E+01,7.95E+00,20.772287,3.99E+03,15.744517,1.886,5.02777,,,0,,,9.60724E+16,,169754576,401098852,0.003101,0.128702,0.005068,17.329099,0.003086,2.20E+03,0.122,2.6365,1.6906,-0.0597,74.53,1.21,-3.71,0.01,0.5,10,1.03,0.06,5.22,0.14,2102,64,71.12,11.93
2.444704,246.58475,39.4219444,161,16 26 20.34,+39 25 19.0,2MASS J16262034+3925190,110,L4sd,,111,1626+3925,all,2M,2MASS J16262034+3925190,246.5838887,39.42208017,0.0033955,0.0021751,21.02,1.33241E+18,246.5759791,0.1171,39.42313562,0.1356,32.3327,0.1475,219.2238,1395.105,-1374.755,0.148,237.417,0.202,360,2.3342,571.93,0.888,5.87E+00,95,1.1233,0.0414,26,1.088,0,8.43E+02,1.48E+00,18.373375,3.92E+01,5.18E+00,21.354973,1.52E+03,16.796625,1.845,4.558348,,,0,,,1.55302E+17,1.23766E+18,,648226708,0.003348,0.143556,0.006687,18.347784,0.003323,8.63E+02,0.147,2.3676,3.2642,0.2945,29.85,1.08,-3.71,0.03,0.5,10,1.03,0.06,5.22,0.14,2103,75,71.03,12.37
0.827788,253.8970417,-8.3944722,164,16 55 35.29,-08 23 40.1,vB 8,112,M7,,99,1655-0823,all,2M,vB 8,253.8968989,-8.394653631,0.0010153,0.0006888,102.71,4.33942E+18,253.8932463,0.0448,-8.398523023,0.0223,153.9659,0.057,2700.6199,1191.214,-813.038,0.063,-870.609,0.044,561,1.5601,4930.43,0.405,1.11E+02,31,,,19,1.047,0,5.62E+04,2.93E+01,13.813289,2.06E+03,1.04E+01,17.05317,9.32E+04,12.324193,1.696,4.728976,,,0,,,9.79225E+16,1.23767E+18,193696623,409153795,0.002813,0.006125,0.003847,13.813289,0.002813,5.62E+04,-0.026,1.0019,0.7081,-0.1684,155.4,1.33,-3.2,0.01,0.5,10,1.17,0.03,5.21,0.06,2639,40,90.47,8
0.19563,254.5158333,70.4504167,165,16 58 03.80,+70 27 01.5,LSPM J1658+7027,12,L1,,12,1658+7027,all,2M,LSPM J1658+7027,254.5158451,70.4504709,0.0027024,0.0024983,134.46,1.64941E+18,254.5139875,0.1282,70.44907156,0.1295,54.1347,0.1291,419.2452,344.52,-139.861,0.163,-314.854,0.161,316,2.2548,628.5,1.026,1.11E+01,95,1.058,0.0376,28,1.091,0,1.07E+03,1.80E+00,18.114532,4.43E+01,5.80E+00,21.22202,1.94E+03,16.530249,1.852,4.691771,,,0,,,1.92543E+17,,,803111105,0.003305,0.142085,0.006019,18.088941,0.003282,1.09E+03,0.136,2.6043,2.6004,-0.0784,53.9,0.7,-3.63,0.01,0.5,10,1.04,0.06,5.22,0.12,2181,62,73.21,11.41
1.375016,261.5002917,15.6386111,166,17 26 00.07,+15 38 19.0,2MASSI J1726000+153819,14,L3beta,,4,1726+1538,all,2M,2MASSI J1726000+153819,261.5000495,15.6383086,0.0016406,0.0013096,135.27,4.54371E+18,261.5000495,1.4828,15.6383086,1.4858,,,,,,,,,150,8.1354,331.19,8.688,2.03E+01,3,,,11,,0,8.30E+01,8.88E-01,20.889044,3.08E+01,6.43E+00,21.617277,1.54E+02,19.281559,2.221,2.335718,,,0,,,,,,,0.011926,0.226844,0.073267,20.889044,0.011926,8.30E+01,0.838,1.4828,1.4858,-0.2216,28.6,2.9,-3.85,0.09,0.01,0.15,1.4,0.2,4.4,0.42,1668,144,24.06,15.58
1.209964,278.9079167,32.9984722,170,18 35 37.90,+32 59 54.5,2MASS J18353790+3259545,79,M8.5,,113,1835+3259,all,2M,2MASS J18353790+3259545,278.9078338,32.99814336,0.0008787,0.000718,28.12,2.09118E+18,278.9074488,0.036,32.99478716,0.0423,175.793,0.0468,3756.131,758.632,-72.65,0.047,-755.146,0.052,419,2.7564,3178.85,0.501,7.21E+01,31,,,28,1.096,0,2.16E+04,1.77E+01,14.850962,5.66E+02,7.36E+00,18.456402,3.77E+04,13.305739,1.773,5.150662,,,0,,,1.47593E+17,,,615258066,0.002895,0.014396,0.004048,14.850962,0.002895,2.16E+04,-0.008,0.7567,0.8457,0.1667,176.5,0.5,-3.5,0,0.5,10,1.07,0.05,5.22,0.11,2316,51,77.28,10.34
0.446261,280.8422083,40.6724722,172,18 43 22.13,+40 40 20.9,2MASS J18432213+4040209,26,M8,,9,1843+4040,all,2M,2MASS J18432213+4040209,280.8421916,40.67259551,0.0008065,0.0007065,30.22,2.09851E+18,280.8414837,0.0349,40.67522342,0.0385,69.6348,0.0416,1672.8792,603.493,-120.803,0.046,591.279,0.048,387,1.0205,1367.26,0.407,3.06E+01,31,,,28,1.036,0,1.29E+04,1.01E+01,15.408278,5.46E+02,8.47E+00,18.496037,2.14E+04,13.923614,1.694,4.572423,,,0,,,1.56803E+17,1.23767E+18,,654268420,0.002883,0.017072,0.003974,15.408278,0.002883,1.29E+04,-0.006,0.7331,0.7824,0.1147,70.7,0.8,-3.11,0.01,0.5,10,1.22,0.03,5.2,0.05,2731,40,95.94,7.87
0.516891,289.2400833,5.1505833,173,19 16 57.62,+05 09 02.1,Gliese 752 B,112,M8,,114,1916+0509,all,2M,Gliese 752 B,289.2400456,5.150444703,0.001238,0.0009545,55.69,4.29332E+18,289.2373737,0.0586,5.144373315,0.0568,168.9537,0.0668,2528.0022,1491.524,-598.761,0.072,-1366.063,0.065,244,5.6933,2944.59,0.569,9.99E+01,31,,,17,1.27,0,3.58E+04,2.10E+01,14.303288,1.09E+03,1.23E+01,17.74616,6.16E+04,12.774753,1.751,4.971408,,,0,,,1.14173E+17,,,476385310,0.002828,0.012614,0.003978,14.303288,0.002828,3.58E+04,-0.005,1.1555,1.0528,0.2379,170.1,0.8,-3.31,0,0.5,10,1.13,0.04,5.22,0.08,2531,42,85.15,8.44
0.1294,300.2017083,-75.3852778,174,20 00 48.41,-75 23 07.0,2MASS J20004841-7523070,72,M9gamma,,35,2000-7523,all,2M,2MASS J20004841-7523070,300.201727,-75.38524217,0.0021873,0.0015428,176.86,6.36673E+18,300.2028467,0.0727,-75.3857913,0.0976,34.0113,0.1092,311.4276,138.947,63.566,0.096,-123.554,0.135,437,-0.8217,1125.23,0.855,1.64E+01,95,1.0159,0.0244,29,0.971,0,1.87E+03,2.18E+00,17.508656,5.98E+01,6.20E+00,20.897049,3.44E+03,15.905625,1.875,4.991424,,,0,,,,,485257677,,0.003032,0.112684,0.004541,17.483065,0.003019,1.91E+03,0.116,1.5451,2.1857,-0.0389,31,1,-2.97,0.03,0.012,0.022,1.88,0.11,4.19,0.14,2375,79,24.75,6.06
0.07229,314.475375,-2.8750556,176,20 57 54.09,-02 52 30.2,2MASSI J2057540-025230,32,L1.5,,32,2057-0252,all,2M,2MASSI J2057540-025230,314.4753902,-2.875068747,0.0028384,0.0019013,70.22,6.9158E+18,314.4753768,0.1271,-2.875523716,0.0623,64.7102,0.1657,390.4692,102.412,-3,0.17,-102.368,0.126,719,-1.2096,1166.84,0.781,1.05E+01,95,1.0553,0.0241,19,0.968,0,1.12E+03,1.21E+00,18.06636,7.77E+01,7.29E+00,20.612942,2.03E+03,16.480549,1.883,4.132393,,,0,,,1.04543E+17,1.23768E+18,304206750,436446793,0.002995,0.101952,0.005826,18.040769,0.002984,1.14E+03,0.245,2.7473,2.0306,0.2535,70.1,3.7,-3.76,0.05,0.5,10,1.02,0.07,5.22,0.15,2044,87,69.56,13.04
0.928583,316.062125,-10.6269167,178,21 04 14.91,-10 37 36.9,2MASSI J2104149-103736,32,L2.5,,47,2104-1037,all,2M,2MASSI J2104149-103736,316.0623543,-10.62704211,0.0048177,0.0033321,70.79,6.89015E+18,316.0650433,0.2304,-10.62835462,0.1648,58.0183,0.2653,218.7129,663.924,594.631,0.286,-295.312,0.215,421,1.1471,636.84,1.196,7.18E+00,95,1.0507,0.0478,19,1.039,0,5.81E+02,1.18E+00,18.776691,4.69E+01,8.96E+00,21.160723,1.04E+03,17.206781,1.868,3.953941,,,0,,,9.52432E+16,,3528493,,0.00353,0.207578,0.007846,18.7511,0.003499,5.95E+02,0.254,4.6798,3.5232,0.2281,53,1.71,-3.81,0.03,0.5,10,1.02,0.07,5.21,0.16,1994,73,68.59,12.82
0.110135,321.71,-81.6748056,180,21 26 50.40,-81 40 29.3,2MASS J21265040-8140293,48,L3gamma,,4,2126-8140,all,2M,2MASS J21265040-8140293,321.7098486,-81.67478426,0.0241902,0.016126,26.72,6.34851E+18,321.7116434,0.6679,-81.67527936,0.854,28.8483,0.8208,35.1455,125.81,58.471,1.141,-111.397,1.426,204,1.7892,258.17,2.279,2.21E+00,95,1.0146,0.2216,19,1.09,0,1.01E+02,8.17E-01,20.67779,3.50E+01,7.42E+00,21.47822,1.88E+02,19.064325,2.207,2.413895,,,0,,,,,,,0.009211,0.230044,0.050839,20.661649,0.009087,1.02E+02,0.813,18.0497,22.7909,0.3174,31.3,2.6,-3.85,0.07,0.01,0.15,1.39,0.19,4.4,0.42,1663,135,23.8,15.19
0.096068,321.858875,-42.2550833,181,21 27 26.13,-42 15 18.3,HB 2124-4228,116,M7.5,,48,2127-4215,all,2M,[HB88] 2124-4228,321.8588481,-42.25510109,0.0025246,0.0019557,57.24,6.57876E+18,321.8595981,0.1286,-42.25574229,0.1053,28.7569,0.1781,161.498,190.828,124.905,0.148,-144.271,0.131,501,7.1475,1500.62,1.164,2.47E+01,95,1.058,0.0303,23,1.235,0,1.45E+03,2.33E+00,17.787504,6.06E+01,7.13E+00,20.881582,2.63E+03,16.19685,1.864,4.684732,,,0,,,,,488339694,,0.003263,0.127674,0.004818,17.761913,0.003242,1.48E+03,0.148,2.3722,2.138,0.2287,28.9,6.2,-3.15,0.19,0.5,10,1.21,0.13,5.22,0.08,2676,320,93.91,18.63
0.366266,327.0680417,40.0665,184,21 48 16.33,+40 03 59.4,2MASS J21481628+4003593,117,L6,,3,2148+4003,all,2M,2MASS J21481628+4003593,327.0679111,40.06648107,0.0061245,0.0054531,131.32,1.95417E+18,327.0723955,0.2342,40.06851779,0.2807,123.6752,0.3595,344.0135,897.91,772.176,0.362,458.243,0.354,451,0.474,541.59,1.11,1.60E+00,95,1.0377,0.0777,25,1.015,0,2.23E+02,7.07E-01,19.818087,3.96E+01,5.22E+00,21.344938,4.16E+02,18.1991,2.048,3.145838,,,0,,,1.56083E+17,,,,0.004413,0.143319,0.014938,19.792496,0.004351,2.28E+02,0.545,5.8413,5.7554,-0.1146,124.07,0.55,-4.39,0,0.5,10,0.99,0.1,5.13,0.28,1446,72,55.03,18.55
0.411587,331.6874167,-42.2891111,186,22 06 44.98,-42 17 20.8,2MASSW J2206450-421721,14,L4gamma,,35,2206-4217,all,2M,2MASSW J2206450-421721,331.687504,-42.28920546,0.0165039,0.0125582,38.93,6.56846E+18,331.688277,0.758,-42.29002715,0.6889,34.0827,1.3074,26.0691,225.247,128.668,0.898,-184.881,0.932,222,2.2714,271.19,1.772,8.97E-01,95,1.3464,0.2008,17,1.11,0,9.69E+01,8.39E-01,20.721487,3.41E+01,4.35E+00,21.506739,1.89E+02,19.056973,2.302,2.449766,,,0,,,,,488559083,,0.009792,0.138661,0.058909,20.704713,0.009653,9.84E+01,0.903,14.2472,15.0701,0.2611,35,0.3,-3.97,0.02,0.05,0.12,1.33,0.1,4.44,0.25,1588,62,21.74,8.52
1.359116,336.1825417,-1.9811389,188,22 24 43.81,-01 58 52.1,2MASSW J2224438-015852,14,L4.5,,14,2224-0158,all,2M,2MASSW J2224438-015852,336.1827267,-1.981468049,0.0081664,0.0044054,37.28,2.62943E+18,336.1848241,0.3543,-1.985351089,0.3159,86.1514,0.408,211.142,992.857,471.637,0.373,-873.684,0.434,189,0.4813,248.97,0.76,9.62E-01,95,0.8716,0.0958,14,1.023,0,3.34E+02,1.26E+00,19.377981,4.39E+01,9.00E+00,21.232012,6.25E+02,17.758327,2.002,3.473684,,,0,,,1.05613E+17,1.23768E+18,7428024,,0.004937,0.222602,0.019722,19.35239,0.004858,3.42E+02,0.453,6.0627,7.0243,0.5351,86.2,1.1,-4.16,0.01,0.5,10,0.99,0.08,5.18,0.22,1646,71,60.57,15.26
0.190584,338.6734167,40.6941111,190,22 34 41.62,+40 41 38.8,2MASS J22344161+4041387,32,M6,,32,2234+4041,all,2M,2MASS J22344161+4041387,338.6733657,40.69407498,0.0014504,0.0009588,146.77,1.9332E+18,338.6733657,1.1291,40.69407498,1.3221,,,,,,,,,923,716.2512,1643966.1,19.322,2.50E+04,3,,,26,,0,4.33E+03,2.68E+01,16.597172,5.64E+02,7.37E+00,18.459911,8.93E+03,14.871202,2.194,3.588709,,,0,,,1.56833E+17,,,654518436,0.007258,0.014462,0.004275,16.597172,0.007258,4.33E+03,0.628,1.1291,1.3221,-0.3637,37,8,-2.94,0.19,0.001,0.01,,,,,,,,
0.473331,339.385625,39.3777222,191,22 37 32.55,+39 22 39.8,2MASS J22373255+3922398,118,M9.5,,118,2237+3922,all,2M,2MASS J22373255+3922398,339.3856339,39.3775909,0.0027441,0.001866,131.58,1.90831E+18,339.385444,0.0809,39.37603717,0.0955,47.6442,0.1372,347.2083,351.145,-33.021,0.15,-349.589,0.142,406,-0.6875,554.34,0.533,3.55E+00,31,,,22,0.975,0,1.25E+03,1.50E+00,17.945925,5.88E+01,6.09E+00,20.915222,2.16E+03,16.4115,1.777,4.503721,,,0,,,1.55253E+17,,,647533388,0.003048,0.112418,0.005773,17.945925,0.003048,1.25E+03,0.086,2.3973,2.2945,-0.3653,51.17,1.62,-3.64,0.03,0.5,10,1.04,0.06,5.22,0.13,2173,72,72.87,11.93
1.427284,346.622,-5.04125,193,23 06 29.28,-05 02 28.5,2MASS J23062928-0502285,12,M7.5,,12,2306-0502,all,2M,2MASS J23062928-0502285,346.6223687,-5.041399251,0.0014293,0.0010808,69.72,2.63548E+18,346.6265216,0.0616,-5.043528319,0.0536,80.2123,0.0716,1120.194,1046.825,930.788,0.087,-479.038,0.07,220,1.0721,848.24,0.473,2.40E+01,31,,,15,1.051,0,1.06E+04,1.37E+01,15.622554,3.41E+02,1.19E+01,19.005802,1.81E+04,14.103951,1.737,4.901851,,,0,,,1.01943E+17,1.23768E+18,8317163,425504122,0.003093,0.038062,0.004256,15.622554,0.003093,1.06E+04,-0.01,1.392,1.1284,0.1811,82.58,2.58,-3.28,0.03,0.5,10,1.14,0.04,5.22,0.08,2557,64,86.07,9.28
0.419069,350.6951667,-31.5564167,194,23 22 46.84,-31 33 23.1,2MASS J23224684-3133231,48,L0beta,,"34,16",2322-3133,all,2M,2MASS J23224684-3133231,350.6951121,-31.55652342,0.0043576,0.002898,30.02,2.32867E+18,350.6940557,0.1687,-31.55892677,0.2228,50.2245,0.2457,204.4125,577.442,-202.543,0.203,-540.755,0.246,269,0.3717,496.12,1.019,7.29E+00,95,1.0106,0.0455,16,1.015,0,8.82E+02,1.80E+00,18.323694,4.52E+01,8.56E+00,21.201088,1.60E+03,16.734552,1.87,4.466536,,,0,,,7.01335E+16,,2911553,,0.003532,0.205609,0.006624,18.298103,0.0035,9.03E+02,0.185,3.3241,4.0421,0.3414,58.6,5.6,-3.85,0.08,0.01,0.15,1.39,0.19,4.4,0.42,1665,141,23.93,15.43
0.131177,350.7207917,-61.8576389,195,23 22 52.99,-61 51 27.5,2MASS J23225299-6151275,48,L2gamma,,4,2322-6151,all,2M,2MASS J23225299-6151275,350.7208674,-61.85764613,0.0182465,0.0113963,157.12,6.48725E+18,350.7216146,0.6254,-61.85800244,0.7263,23.3266,0.9593,24.3167,112.759,79.293,0.796,-80.17,1.094,300,4.1192,429.54,3.653,5.51E+00,95,0.9433,0.2029,21,1.173,0,1.06E+02,7.09E-01,20.621243,2.73E+01,5.47E+00,21.749468,1.88E+02,19.064203,2.023,2.685265,,,0,,,,,489271335,,0.007745,0.217643,0.053958,20.600435,0.007617,1.08E+02,0.589,12.6721,17.3847,-0.3302,22,1,-3.61,0.04,0.01,0.04,1.59,0.05,4.23,0.17,1793,53,17.35,5.44
0.353963,357.9601667,-25.6268611,196,23 51 50.44,-25 37 36.7,2MASS J23515044-2537367,120,M8,,121,2351-2537,all,2M,2MASS J23515044-2537367,357.9602638,-25.62690593,0.0089053,0.0064228,37.1,2.33763E+18,357.9621073,0.3957,-25.62602194,0.3722,49.0812,0.4531,108.3166,423.594,373.992,0.469,198.902,0.502,240,67.6723,8160.92,3.605,3.00E+02,95,1.2991,0.0936,16,5.417,0,2.47E+03,1.49E+01,17.205198,7.17E+01,5.93E+00,20.699333,5.29E+03,15.440065,2.168,5.259268,,,0,,,7.72436E+16,,6383616,,0.007098,0.089845,0.00487,17.179607,0.006958,2.53E+03,0.372,7.423,8.0905,0.3048,49,10,-3.24,0.18,0.5,10,1.16,0.11,5.22,0.09,2590,291,88.31,17.4
0.161088,358.5386667,-33.2740556,197,23 54 09.28,-33 16 26.6,APMPM J2354-3316C,50,M8.5,,122,2354-3316,all,2M,APMPM J2354-3316C,358.5386692,-33.2741003,0.0019052,0.0014714,35.1,2.31384E+18,358.5370345,0.095,-33.27592236,0.0966,42.9911,0.1364,315.2696,512.471,-307.503,0.099,-409.961,0.112,351,0.864,706.12,0.742,1.07E+01,95,1.0889,0.0246,18,1.032,0,1.75E+03,2.29E+00,17.577204,6.24E+01,6.73E+00,20.851389,3.17E+03,15.995916,1.842,4.855473,,,0,,,6.80636E+16,,2836601,,0.003099,0.117173,0.006179,17.551613,0.003084,1.80E+03,0.102,1.6277,1.7735,0.2387,44.24,1.78,-3.41,0.04,0.5,10,1.09,0.05,5.22,0.1,2423,75,80.46,10.73